source,target
0,62
0,208
0,658
0,672
0,771
0,772
0,841
0,842
0,933
0,1004
0,1047
0,1122
0,1123
0,1363
0,1662
0,1720
0,1792
62,208
62,658
62,672
62,771
62,772
62,841
62,842
62,933
62,1004
62,1047
62,1122
62,1123
62,1363
62,1662
62,1720
62,1792
208,658
208,672
208,771
208,772
208,841
208,842
208,933
208,1004
208,1047
208,1122
208,1123
208,1363
208,1662
208,1720
208,1792
658,672
658,771
658,772
658,841
658,842
658,933
658,1004
658,1047
658,1122
658,1123
658,1363
658,1662
658,1720
658,1792
672,771
672,772
672,841
672,842
672,933
672,1004
672,1047
672,1122
672,1123
672,1363
672,1662
672,1720
672,1792
771,772
771,841
771,842
771,933
771,1004
771,1047
771,1122
771,1123
771,1363
771,1662
771,1720
771,1792
772,841
772,842
772,933
772,1004
772,1047
772,1122
772,1123
772,1363
772,1662
772,1720
772,1792
841,842
841,933
841,1004
841,1047
841,1122
841,1123
841,1363
841,1662
841,1720
841,1792
842,933
842,1004
842,1047
842,1122
842,1123
842,1363
842,1662
842,1720
842,1792
933,1004
933,1047
933,1122
933,1123
933,1363
933,1662
933,1720
933,1792
1004,1047
1004,1122
1004,1123
1004,1363
1004,1662
1004,1720
1004,1792
1047,1122
1047,1123
1047,1363
1047,1662
1047,1720
1047,1792
1122,1123
1122,1363
1122,1662
1122,1720
1122,1792
1123,1363
1123,1662
1123,1720
1123,1792
1363,1662
1363,1720
1363,1792
1662,1720
1662,1792
1720,1792
1,682
1,767
1,1140
1,1187
1,1597
682,767
682,1140
682,1187
682,1597
767,1140
767,1187
767,1597
1140,1187
1140,1597
1187,1597
3,99
3,156
3,179
3,349
3,498
3,625
3,654
3,668
3,681
3,739
3,756
3,848
3,937
3,1160
3,1283
3,1297
3,1413
3,1480
3,1497
3,1570
3,1633
3,1634
99,156
99,179
99,349
99,498
99,625
99,654
99,668
99,681
99,739
99,756
99,848
99,937
99,1160
99,1283
99,1297
99,1413
99,1480
99,1497
99,1570
99,1633
99,1634
156,179
156,349
156,498
156,625
156,654
156,668
156,681
156,739
156,756
156,848
156,937
156,1160
156,1283
156,1297
156,1413
156,1480
156,1497
156,1570
156,1633
156,1634
179,349
179,498
179,625
179,654
179,668
179,681
179,739
179,756
179,848
179,937
179,1160
179,1283
179,1297
179,1413
179,1480
179,1497
179,1570
179,1633
179,1634
349,498
349,625
349,654
349,668
349,681
349,739
349,756
349,848
349,937
349,1160
349,1283
349,1297
349,1413
349,1480
349,1497
349,1570
349,1633
349,1634
498,625
498,654
498,668
498,681
498,739
498,756
498,848
498,937
498,1160
498,1283
498,1297
498,1413
498,1480
498,1497
498,1570
498,1633
498,1634
625,654
625,668
625,681
625,739
625,756
625,848
625,937
625,1160
625,1283
625,1297
625,1413
625,1480
625,1497
625,1570
625,1633
625,1634
654,668
654,681
654,739
654,756
654,848
654,937
654,1160
654,1283
654,1297
654,1413
654,1480
654,1497
654,1570
654,1633
654,1634
668,681
668,739
668,756
668,848
668,937
668,1160
668,1283
668,1297
668,1413
668,1480
668,1497
668,1570
668,1633
668,1634
681,739
681,756
681,848
681,937
681,1160
681,1283
681,1297
681,1413
681,1480
681,1497
681,1570
681,1633
681,1634
739,756
739,848
739,937
739,1160
739,1283
739,1297
739,1413
739,1480
739,1497
739,1570
739,1633
739,1634
756,848
756,937
756,1160
756,1283
756,1297
756,1413
756,1480
756,1497
756,1570
756,1633
756,1634
848,937
848,1160
848,1283
848,1297
848,1413
848,1480
848,1497
848,1570
848,1633
848,1634
937,1160
937,1283
937,1297
937,1413
937,1480
937,1497
937,1570
937,1633
937,1634
1160,1283
1160,1297
1160,1413
1160,1480
1160,1497
1160,1570
1160,1633
1160,1634
1283,1297
1283,1413
1283,1480
1283,1497
1283,1570
1283,1633
1283,1634
1297,1413
1297,1480
1297,1497
1297,1570
1297,1633
1297,1634
1413,1480
1413,1497
1413,1570
1413,1633
1413,1634
1480,1497
1480,1570
1480,1633
1480,1634
1497,1570
1497,1633
1497,1634
1570,1633
1570,1634
1633,1634
4,71
4,142
4,192
4,508
4,585
4,835
4,836
4,908
4,942
4,1462
4,1531
71,142
71,192
71,508
71,585
71,835
71,836
71,908
71,942
71,1462
71,1531
142,192
142,508
142,585
142,835
142,836
142,908
142,942
142,1462
142,1531
192,508
192,585
192,835
192,836
192,908
192,942
192,1462
192,1531
508,585
508,835
508,836
508,908
508,942
508,1462
508,1531
585,835
585,836
585,908
585,942
585,1462
585,1531
835,836
835,908
835,942
835,1462
835,1531
836,908
836,942
836,1462
836,1531
908,942
908,1462
908,1531
942,1462
942,1531
1462,1531
5,58
5,59
5,107
5,186
5,276
5,312
5,337
5,338
5,339
5,340
5,341
5,362
5,385
5,420
5,527
5,594
5,595
5,596
5,607
5,608
5,703
5,731
5,834
5,860
5,867
5,972
5,1191
5,1229
5,1313
5,1328
5,1367
5,1423
5,1517
5,1536
5,1565
5,1756
5,1769
58,59
58,107
58,186
58,276
58,312
58,337
58,338
58,339
58,340
58,341
58,362
58,385
58,420
58,527
58,594
58,595
58,596
58,607
58,608
58,703
58,731
58,834
58,860
58,867
58,972
58,1191
58,1229
58,1313
58,1328
58,1367
58,1423
58,1517
58,1536
58,1565
58,1756
58,1769
59,107
59,186
59,276
59,312
59,337
59,338
59,339
59,340
59,341
59,362
59,385
59,420
59,527
59,594
59,595
59,596
59,607
59,608
59,703
59,731
59,834
59,860
59,867
59,972
59,1191
59,1229
59,1313
59,1328
59,1367
59,1423
59,1517
59,1536
59,1565
59,1756
59,1769
107,186
107,276
107,312
107,337
107,338
107,339
107,340
107,341
107,362
107,385
107,420
107,527
107,594
107,595
107,596
107,607
107,608
107,703
107,731
107,834
107,860
107,867
107,972
107,1191
107,1229
107,1313
107,1328
107,1367
107,1423
107,1517
107,1536
107,1565
107,1756
107,1769
186,276
186,312
186,337
186,338
186,339
186,340
186,341
186,362
186,385
186,420
186,527
186,594
186,595
186,596
186,607
186,608
186,703
186,731
186,834
186,860
186,867
186,972
186,1191
186,1229
186,1313
186,1328
186,1367
186,1423
186,1517
186,1536
186,1565
186,1756
186,1769
276,312
276,337
276,338
276,339
276,340
276,341
276,362
276,385
276,420
276,527
276,594
276,595
276,596
276,607
276,608
276,703
276,731
276,834
276,860
276,867
276,972
276,1191
276,1229
276,1313
276,1328
276,1367
276,1423
276,1517
276,1536
276,1565
276,1756
276,1769
312,337
312,338
312,339
312,340
312,341
312,362
312,385
312,420
312,527
312,594
312,595
312,596
312,607
312,608
312,703
312,731
312,834
312,860
312,867
312,972
312,1191
312,1229
312,1313
312,1328
312,1367
312,1423
312,1517
312,1536
312,1565
312,1756
312,1769
337,338
337,339
337,340
337,341
337,362
337,385
337,420
337,527
337,594
337,595
337,596
337,607
337,608
337,703
337,731
337,834
337,860
337,867
337,972
337,1191
337,1229
337,1313
337,1328
337,1367
337,1423
337,1517
337,1536
337,1565
337,1756
337,1769
338,339
338,340
338,341
338,362
338,385
338,420
338,527
338,594
338,595
338,596
338,607
338,608
338,703
338,731
338,834
338,860
338,867
338,972
338,1191
338,1229
338,1313
338,1328
338,1367
338,1423
338,1517
338,1536
338,1565
338,1756
338,1769
339,340
339,341
339,362
339,385
339,420
339,527
339,594
339,595
339,596
339,607
339,608
339,703
339,731
339,834
339,860
339,867
339,972
339,1191
339,1229
339,1313
339,1328
339,1367
339,1423
339,1517
339,1536
339,1565
339,1756
339,1769
340,341
340,362
340,385
340,420
340,527
340,594
340,595
340,596
340,607
340,608
340,703
340,731
340,834
340,860
340,867
340,972
340,1191
340,1229
340,1313
340,1328
340,1367
340,1423
340,1517
340,1536
340,1565
340,1756
340,1769
341,362
341,385
341,420
341,527
341,594
341,595
341,596
341,607
341,608
341,703
341,731
341,834
341,860
341,867
341,972
341,1191
341,1229
341,1313
341,1328
341,1367
341,1423
341,1517
341,1536
341,1565
341,1756
341,1769
362,385
362,420
362,527
362,594
362,595
362,596
362,607
362,608
362,703
362,731
362,834
362,860
362,867
362,972
362,1191
362,1229
362,1313
362,1328
362,1367
362,1423
362,1517
362,1536
362,1565
362,1756
362,1769
385,420
385,527
385,594
385,595
385,596
385,607
385,608
385,703
385,731
385,834
385,860
385,867
385,972
385,1191
385,1229
385,1313
385,1328
385,1367
385,1423
385,1517
385,1536
385,1565
385,1756
385,1769
420,527
420,594
420,595
420,596
420,607
420,608
420,703
420,731
420,834
420,860
420,867
420,972
420,1191
420,1229
420,1313
420,1328
420,1367
420,1423
420,1517
420,1536
420,1565
420,1756
420,1769
527,594
527,595
527,596
527,607
527,608
527,703
527,731
527,834
527,860
527,867
527,972
527,1191
527,1229
527,1313
527,1328
527,1367
527,1423
527,1517
527,1536
527,1565
527,1756
527,1769
594,595
594,596
594,607
594,608
594,703
594,731
594,834
594,860
594,867
594,972
594,1191
594,1229
594,1313
594,1328
594,1367
594,1423
594,1517
594,1536
594,1565
594,1756
594,1769
595,596
595,607
595,608
595,703
595,731
595,834
595,860
595,867
595,972
595,1191
595,1229
595,1313
595,1328
595,1367
595,1423
595,1517
595,1536
595,1565
595,1756
595,1769
596,607
596,608
596,703
596,731
596,834
596,860
596,867
596,972
596,1191
596,1229
596,1313
596,1328
596,1367
596,1423
596,1517
596,1536
596,1565
596,1756
596,1769
607,608
607,703
607,731
607,834
607,860
607,867
607,972
607,1191
607,1229
607,1313
607,1328
607,1367
607,1423
607,1517
607,1536
607,1565
607,1756
607,1769
608,703
608,731
608,834
608,860
608,867
608,972
608,1191
608,1229
608,1313
608,1328
608,1367
608,1423
608,1517
608,1536
608,1565
608,1756
608,1769
703,731
703,834
703,860
703,867
703,972
703,1191
703,1229
703,1313
703,1328
703,1367
703,1423
703,1517
703,1536
703,1565
703,1756
703,1769
731,834
731,860
731,867
731,972
731,1191
731,1229
731,1313
731,1328
731,1367
731,1423
731,1517
731,1536
731,1565
731,1756
731,1769
834,860
834,867
834,972
834,1191
834,1229
834,1313
834,1328
834,1367
834,1423
834,1517
834,1536
834,1565
834,1756
834,1769
860,867
860,972
860,1191
860,1229
860,1313
860,1328
860,1367
860,1423
860,1517
860,1536
860,1565
860,1756
860,1769
867,972
867,1191
867,1229
867,1313
867,1328
867,1367
867,1423
867,1517
867,1536
867,1565
867,1756
867,1769
972,1191
972,1229
972,1313
972,1328
972,1367
972,1423
972,1517
972,1536
972,1565
972,1756
972,1769
1191,1229
1191,1313
1191,1328
1191,1367
1191,1423
1191,1517
1191,1536
1191,1565
1191,1756
1191,1769
1229,1313
1229,1328
1229,1367
1229,1423
1229,1517
1229,1536
1229,1565
1229,1756
1229,1769
1313,1328
1313,1367
1313,1423
1313,1517
1313,1536
1313,1565
1313,1756
1313,1769
1328,1367
1328,1423
1328,1517
1328,1536
1328,1565
1328,1756
1328,1769
1367,1423
1367,1517
1367,1536
1367,1565
1367,1756
1367,1769
1423,1517
1423,1536
1423,1565
1423,1756
1423,1769
1517,1536
1517,1565
1517,1756
1517,1769
1536,1565
1536,1756
1536,1769
1565,1756
1565,1769
1756,1769
7,22
7,241
7,507
7,567
7,817
7,1063
7,1138
7,1349
7,1350
7,1385
7,1422
7,1616
7,1653
22,241
22,507
22,567
22,817
22,1063
22,1138
22,1349
22,1350
22,1385
22,1422
22,1616
22,1653
241,507
241,567
241,817
241,1063
241,1138
241,1349
241,1350
241,1385
241,1422
241,1616
241,1653
507,567
507,817
507,1063
507,1138
507,1349
507,1350
507,1385
507,1422
507,1616
507,1653
567,817
567,1063
567,1138
567,1349
567,1350
567,1385
567,1422
567,1616
567,1653
817,1063
817,1138
817,1349
817,1350
817,1385
817,1422
817,1616
817,1653
1063,1138
1063,1349
1063,1350
1063,1385
1063,1422
1063,1616
1063,1653
1138,1349
1138,1350
1138,1385
1138,1422
1138,1616
1138,1653
1349,1350
1349,1385
1349,1422
1349,1616
1349,1653
1350,1385
1350,1422
1350,1616
1350,1653
1385,1422
1385,1616
1385,1653
1422,1616
1422,1653
1616,1653
8,116
8,384
8,414
8,741
8,742
8,786
8,787
8,788
8,900
8,901
8,1066
8,1067
8,1353
8,1443
8,1525
8,1619
8,1620
8,1761
8,1762
8,1805
8,1816
8,1817
116,384
116,414
116,741
116,742
116,786
116,787
116,788
116,900
116,901
116,1066
116,1067
116,1353
116,1443
116,1525
116,1619
116,1620
116,1761
116,1762
116,1805
116,1816
116,1817
384,414
384,741
384,742
384,786
384,787
384,788
384,900
384,901
384,1066
384,1067
384,1353
384,1443
384,1525
384,1619
384,1620
384,1761
384,1762
384,1805
384,1816
384,1817
414,741
414,742
414,786
414,787
414,788
414,900
414,901
414,1066
414,1067
414,1353
414,1443
414,1525
414,1619
414,1620
414,1761
414,1762
414,1805
414,1816
414,1817
741,742
741,786
741,787
741,788
741,900
741,901
741,1066
741,1067
741,1353
741,1443
741,1525
741,1619
741,1620
741,1761
741,1762
741,1805
741,1816
741,1817
742,786
742,787
742,788
742,900
742,901
742,1066
742,1067
742,1353
742,1443
742,1525
742,1619
742,1620
742,1761
742,1762
742,1805
742,1816
742,1817
786,787
786,788
786,900
786,901
786,1066
786,1067
786,1353
786,1443
786,1525
786,1619
786,1620
786,1761
786,1762
786,1805
786,1816
786,1817
787,788
787,900
787,901
787,1066
787,1067
787,1353
787,1443
787,1525
787,1619
787,1620
787,1761
787,1762
787,1805
787,1816
787,1817
788,900
788,901
788,1066
788,1067
788,1353
788,1443
788,1525
788,1619
788,1620
788,1761
788,1762
788,1805
788,1816
788,1817
900,901
900,1066
900,1067
900,1353
900,1443
900,1525
900,1619
900,1620
900,1761
900,1762
900,1805
900,1816
900,1817
901,1066
901,1067
901,1353
901,1443
901,1525
901,1619
901,1620
901,1761
901,1762
901,1805
901,1816
901,1817
1066,1067
1066,1353
1066,1443
1066,1525
1066,1619
1066,1620
1066,1761
1066,1762
1066,1805
1066,1816
1066,1817
1067,1353
1067,1443
1067,1525
1067,1619
1067,1620
1067,1761
1067,1762
1067,1805
1067,1816
1067,1817
1353,1443
1353,1525
1353,1619
1353,1620
1353,1761
1353,1762
1353,1805
1353,1816
1353,1817
1443,1525
1443,1619
1443,1620
1443,1761
1443,1762
1443,1805
1443,1816
1443,1817
1525,1619
1525,1620
1525,1761
1525,1762
1525,1805
1525,1816
1525,1817
1619,1620
1619,1761
1619,1762
1619,1805
1619,1816
1619,1817
1620,1761
1620,1762
1620,1805
1620,1816
1620,1817
1761,1762
1761,1805
1761,1816
1761,1817
1762,1805
1762,1816
1762,1817
1805,1816
1805,1817
1816,1817
9,163
9,422
9,917
9,1223
9,1224
163,422
163,917
163,1223
163,1224
422,917
422,1223
422,1224
917,1223
917,1224
1223,1224
10,637
10,1218
10,1219
637,1218
637,1219
1218,1219
12,66
12,67
12,68
12,69
12,70
12,529
12,530
12,531
66,67
66,68
66,69
66,70
66,529
66,530
66,531
67,68
67,69
67,70
67,529
67,530
67,531
68,69
68,70
68,529
68,530
68,531
69,70
69,529
69,530
69,531
70,529
70,530
70,531
529,530
529,531
530,531
14,369
14,386
14,636
14,766
14,782
14,783
14,784
14,785
14,951
14,1115
14,1281
14,1282
14,1295
14,1375
14,1378
14,1475
369,386
369,636
369,766
369,782
369,783
369,784
369,785
369,951
369,1115
369,1281
369,1282
369,1295
369,1375
369,1378
369,1475
386,636
386,766
386,782
386,783
386,784
386,785
386,951
386,1115
386,1281
386,1282
386,1295
386,1375
386,1378
386,1475
636,766
636,782
636,783
636,784
636,785
636,951
636,1115
636,1281
636,1282
636,1295
636,1375
636,1378
636,1475
766,782
766,783
766,784
766,785
766,951
766,1115
766,1281
766,1282
766,1295
766,1375
766,1378
766,1475
782,783
782,784
782,785
782,951
782,1115
782,1281
782,1282
782,1295
782,1375
782,1378
782,1475
783,784
783,785
783,951
783,1115
783,1281
783,1282
783,1295
783,1375
783,1378
783,1475
784,785
784,951
784,1115
784,1281
784,1282
784,1295
784,1375
784,1378
784,1475
785,951
785,1115
785,1281
785,1282
785,1295
785,1375
785,1378
785,1475
951,1115
951,1281
951,1282
951,1295
951,1375
951,1378
951,1475
1115,1281
1115,1282
1115,1295
1115,1375
1115,1378
1115,1475
1281,1282
1281,1295
1281,1375
1281,1378
1281,1475
1282,1295
1282,1375
1282,1378
1282,1475
1295,1375
1295,1378
1295,1475
1375,1378
1375,1475
1378,1475
15,65
15,114
15,144
15,296
15,426
15,427
15,441
15,663
15,664
15,1289
15,1290
15,1291
15,1292
65,114
65,144
65,296
65,426
65,427
65,441
65,663
65,664
65,1289
65,1290
65,1291
65,1292
114,144
114,296
114,426
114,427
114,441
114,663
114,664
114,1289
114,1290
114,1291
114,1292
144,296
144,426
144,427
144,441
144,663
144,664
144,1289
144,1290
144,1291
144,1292
296,426
296,427
296,441
296,663
296,664
296,1289
296,1290
296,1291
296,1292
426,427
426,441
426,663
426,664
426,1289
426,1290
426,1291
426,1292
427,441
427,663
427,664
427,1289
427,1290
427,1291
427,1292
441,663
441,664
441,1289
441,1290
441,1291
441,1292
663,664
663,1289
663,1290
663,1291
663,1292
664,1289
664,1290
664,1291
664,1292
1289,1290
1289,1291
1289,1292
1290,1291
1290,1292
1291,1292
16,28
16,707
16,708
16,806
16,1358
16,1373
16,1387
28,707
28,708
28,806
28,1358
28,1373
28,1387
707,708
707,806
707,1358
707,1373
707,1387
708,806
708,1358
708,1373
708,1387
806,1358
806,1373
806,1387
1358,1373
1358,1387
1373,1387
17,18
17,51
17,108
17,247
17,261
17,294
17,516
17,609
17,807
17,853
17,938
17,1278
17,1333
17,1516
17,1689
17,1735
18,51
18,108
18,247
18,261
18,294
18,516
18,609
18,807
18,853
18,938
18,1278
18,1333
18,1516
18,1689
18,1735
51,108
51,247
51,261
51,294
51,516
51,609
51,807
51,853
51,938
51,1278
51,1333
51,1516
51,1689
51,1735
108,247
108,261
108,294
108,516
108,609
108,807
108,853
108,938
108,1278
108,1333
108,1516
108,1689
108,1735
247,261
247,294
247,516
247,609
247,807
247,853
247,938
247,1278
247,1333
247,1516
247,1689
247,1735
261,294
261,516
261,609
261,807
261,853
261,938
261,1278
261,1333
261,1516
261,1689
261,1735
294,516
294,609
294,807
294,853
294,938
294,1278
294,1333
294,1516
294,1689
294,1735
516,609
516,807
516,853
516,938
516,1278
516,1333
516,1516
516,1689
516,1735
609,807
609,853
609,938
609,1278
609,1333
609,1516
609,1689
609,1735
807,853
807,938
807,1278
807,1333
807,1516
807,1689
807,1735
853,938
853,1278
853,1333
853,1516
853,1689
853,1735
938,1278
938,1333
938,1516
938,1689
938,1735
1278,1333
1278,1516
1278,1689
1278,1735
1333,1516
1333,1689
1333,1735
1516,1689
1516,1735
1689,1735
19,20
19,613
19,614
19,1463
19,1578
20,613
20,614
20,1463
20,1578
613,614
613,1463
613,1578
614,1463
614,1578
1463,1578
21,102
21,401
21,402
21,671
21,1222
21,1566
21,1611
21,1713
102,401
102,402
102,671
102,1222
102,1566
102,1611
102,1713
401,402
401,671
401,1222
401,1566
401,1611
401,1713
402,671
402,1222
402,1566
402,1611
402,1713
671,1222
671,1566
671,1611
671,1713
1222,1566
1222,1611
1222,1713
1566,1611
1566,1713
1611,1713
23,793
23,1521
793,1521
25,184
25,768
25,769
25,936
25,953
25,957
25,1314
25,1468
25,1537
184,768
184,769
184,936
184,953
184,957
184,1314
184,1468
184,1537
768,769
768,936
768,953
768,957
768,1314
768,1468
768,1537
769,936
769,953
769,957
769,1314
769,1468
769,1537
936,953
936,957
936,1314
936,1468
936,1537
953,957
953,1314
953,1468
953,1537
957,1314
957,1468
957,1537
1314,1468
1314,1537
1468,1537
27,380
27,405
27,406
27,430
27,564
27,573
27,918
27,979
27,988
27,1225
27,1226
27,1338
27,1541
380,405
380,406
380,430
380,564
380,573
380,918
380,979
380,988
380,1225
380,1226
380,1338
380,1541
405,406
405,430
405,564
405,573
405,918
405,979
405,988
405,1225
405,1226
405,1338
405,1541
406,430
406,564
406,573
406,918
406,979
406,988
406,1225
406,1226
406,1338
406,1541
430,564
430,573
430,918
430,979
430,988
430,1225
430,1226
430,1338
430,1541
564,573
564,918
564,979
564,988
564,1225
564,1226
564,1338
564,1541
573,918
573,979
573,988
573,1225
573,1226
573,1338
573,1541
918,979
918,988
918,1225
918,1226
918,1338
918,1541
979,988
979,1225
979,1226
979,1338
979,1541
988,1225
988,1226
988,1338
988,1541
1225,1226
1225,1338
1225,1541
1226,1338
1226,1541
1338,1541
29,320
29,321
29,322
29,323
29,324
29,454
29,1251
29,1532
29,1533
320,321
320,322
320,323
320,324
320,454
320,1251
320,1532
320,1533
321,322
321,323
321,324
321,454
321,1251
321,1532
321,1533
322,323
322,324
322,454
322,1251
322,1532
322,1533
323,324
323,454
323,1251
323,1532
323,1533
324,454
324,1251
324,1532
324,1533
454,1251
454,1532
454,1533
1251,1532
1251,1533
1532,1533
30,173
30,690
30,735
30,916
30,1001
30,1074
30,1587
30,1737
30,1738
173,690
173,735
173,916
173,1001
173,1074
173,1587
173,1737
173,1738
690,735
690,916
690,1001
690,1074
690,1587
690,1737
690,1738
735,916
735,1001
735,1074
735,1587
735,1737
735,1738
916,1001
916,1074
916,1587
916,1737
916,1738
1001,1074
1001,1587
1001,1737
1001,1738
1074,1587
1074,1737
1074,1738
1587,1737
1587,1738
1737,1738
31,119
31,214
31,243
31,444
31,552
31,553
31,868
31,1077
31,1109
31,1110
31,1374
31,1522
31,1523
31,1524
31,1567
31,1752
31,1809
119,214
119,243
119,444
119,552
119,553
119,868
119,1077
119,1109
119,1110
119,1374
119,1522
119,1523
119,1524
119,1567
119,1752
119,1809
214,243
214,444
214,552
214,553
214,868
214,1077
214,1109
214,1110
214,1374
214,1522
214,1523
214,1524
214,1567
214,1752
214,1809
243,444
243,552
243,553
243,868
243,1077
243,1109
243,1110
243,1374
243,1522
243,1523
243,1524
243,1567
243,1752
243,1809
444,552
444,553
444,868
444,1077
444,1109
444,1110
444,1374
444,1522
444,1523
444,1524
444,1567
444,1752
444,1809
552,553
552,868
552,1077
552,1109
552,1110
552,1374
552,1522
552,1523
552,1524
552,1567
552,1752
552,1809
553,868
553,1077
553,1109
553,1110
553,1374
553,1522
553,1523
553,1524
553,1567
553,1752
553,1809
868,1077
868,1109
868,1110
868,1374
868,1522
868,1523
868,1524
868,1567
868,1752
868,1809
1077,1109
1077,1110
1077,1374
1077,1522
1077,1523
1077,1524
1077,1567
1077,1752
1077,1809
1109,1110
1109,1374
1109,1522
1109,1523
1109,1524
1109,1567
1109,1752
1109,1809
1110,1374
1110,1522
1110,1523
1110,1524
1110,1567
1110,1752
1110,1809
1374,1522
1374,1523
1374,1524
1374,1567
1374,1752
1374,1809
1522,1523
1522,1524
1522,1567
1522,1752
1522,1809
1523,1524
1523,1567
1523,1752
1523,1809
1524,1567
1524,1752
1524,1809
1567,1752
1567,1809
1752,1809
32,314
32,315
32,648
32,649
32,691
32,774
32,872
32,1171
32,1178
32,1200
32,1246
314,315
314,648
314,649
314,691
314,774
314,872
314,1171
314,1178
314,1200
314,1246
315,648
315,649
315,691
315,774
315,872
315,1171
315,1178
315,1200
315,1246
648,649
648,691
648,774
648,872
648,1171
648,1178
648,1200
648,1246
649,691
649,774
649,872
649,1171
649,1178
649,1200
649,1246
691,774
691,872
691,1171
691,1178
691,1200
691,1246
774,872
774,1171
774,1178
774,1200
774,1246
872,1171
872,1178
872,1200
872,1246
1171,1178
1171,1200
1171,1246
1178,1200
1178,1246
1200,1246
33,148
33,1050
33,1248
33,1318
33,1319
33,1414
33,1543
33,1577
148,1050
148,1248
148,1318
148,1319
148,1414
148,1543
148,1577
1050,1248
1050,1318
1050,1319
1050,1414
1050,1543
1050,1577
1248,1318
1248,1319
1248,1414
1248,1543
1248,1577
1318,1319
1318,1414
1318,1543
1318,1577
1319,1414
1319,1543
1319,1577
1414,1543
1414,1577
1543,1577
35,950
35,999
950,999
36,39
36,40
36,49
36,139
36,210
36,234
36,236
36,330
36,373
36,434
36,536
36,539
36,540
36,586
36,808
36,1043
36,1044
36,1065
36,1087
36,1262
36,1286
36,1473
36,1498
36,1638
36,1645
36,1793
39,40
39,49
39,139
39,210
39,234
39,236
39,330
39,373
39,434
39,536
39,539
39,540
39,586
39,808
39,1043
39,1044
39,1065
39,1087
39,1262
39,1286
39,1473
39,1498
39,1638
39,1645
39,1793
40,49
40,139
40,210
40,234
40,236
40,330
40,373
40,434
40,536
40,539
40,540
40,586
40,808
40,1043
40,1044
40,1065
40,1087
40,1262
40,1286
40,1473
40,1498
40,1638
40,1645
40,1793
49,139
49,210
49,234
49,236
49,330
49,373
49,434
49,536
49,539
49,540
49,586
49,808
49,1043
49,1044
49,1065
49,1087
49,1262
49,1286
49,1473
49,1498
49,1638
49,1645
49,1793
139,210
139,234
139,236
139,330
139,373
139,434
139,536
139,539
139,540
139,586
139,808
139,1043
139,1044
139,1065
139,1087
139,1262
139,1286
139,1473
139,1498
139,1638
139,1645
139,1793
210,234
210,236
210,330
210,373
210,434
210,536
210,539
210,540
210,586
210,808
210,1043
210,1044
210,1065
210,1087
210,1262
210,1286
210,1473
210,1498
210,1638
210,1645
210,1793
234,236
234,330
234,373
234,434
234,536
234,539
234,540
234,586
234,808
234,1043
234,1044
234,1065
234,1087
234,1262
234,1286
234,1473
234,1498
234,1638
234,1645
234,1793
236,330
236,373
236,434
236,536
236,539
236,540
236,586
236,808
236,1043
236,1044
236,1065
236,1087
236,1262
236,1286
236,1473
236,1498
236,1638
236,1645
236,1793
330,373
330,434
330,536
330,539
330,540
330,586
330,808
330,1043
330,1044
330,1065
330,1087
330,1262
330,1286
330,1473
330,1498
330,1638
330,1645
330,1793
373,434
373,536
373,539
373,540
373,586
373,808
373,1043
373,1044
373,1065
373,1087
373,1262
373,1286
373,1473
373,1498
373,1638
373,1645
373,1793
434,536
434,539
434,540
434,586
434,808
434,1043
434,1044
434,1065
434,1087
434,1262
434,1286
434,1473
434,1498
434,1638
434,1645
434,1793
536,539
536,540
536,586
536,808
536,1043
536,1044
536,1065
536,1087
536,1262
536,1286
536,1473
536,1498
536,1638
536,1645
536,1793
539,540
539,586
539,808
539,1043
539,1044
539,1065
539,1087
539,1262
539,1286
539,1473
539,1498
539,1638
539,1645
539,1793
540,586
540,808
540,1043
540,1044
540,1065
540,1087
540,1262
540,1286
540,1473
540,1498
540,1638
540,1645
540,1793
586,808
586,1043
586,1044
586,1065
586,1087
586,1262
586,1286
586,1473
586,1498
586,1638
586,1645
586,1793
808,1043
808,1044
808,1065
808,1087
808,1262
808,1286
808,1473
808,1498
808,1638
808,1645
808,1793
1043,1044
1043,1065
1043,1087
1043,1262
1043,1286
1043,1473
1043,1498
1043,1638
1043,1645
1043,1793
1044,1065
1044,1087
1044,1262
1044,1286
1044,1473
1044,1498
1044,1638
1044,1645
1044,1793
1065,1087
1065,1262
1065,1286
1065,1473
1065,1498
1065,1638
1065,1645
1065,1793
1087,1262
1087,1286
1087,1473
1087,1498
1087,1638
1087,1645
1087,1793
1262,1286
1262,1473
1262,1498
1262,1638
1262,1645
1262,1793
1286,1473
1286,1498
1286,1638
1286,1645
1286,1793
1473,1498
1473,1638
1473,1645
1473,1793
1498,1638
1498,1645
1498,1793
1638,1645
1638,1793
1645,1793
37,38
37,172
37,225
37,295
37,421
37,503
37,504
37,674
37,675
37,676
37,745
37,746
37,925
37,934
37,1121
37,1163
37,1233
37,1284
37,1411
37,1452
37,1512
37,1548
37,1659
37,1660
37,1690
37,1747
38,172
38,225
38,295
38,421
38,503
38,504
38,674
38,675
38,676
38,745
38,746
38,925
38,934
38,1121
38,1163
38,1233
38,1284
38,1411
38,1452
38,1512
38,1548
38,1659
38,1660
38,1690
38,1747
172,225
172,295
172,421
172,503
172,504
172,674
172,675
172,676
172,745
172,746
172,925
172,934
172,1121
172,1163
172,1233
172,1284
172,1411
172,1452
172,1512
172,1548
172,1659
172,1660
172,1690
172,1747
225,295
225,421
225,503
225,504
225,674
225,675
225,676
225,745
225,746
225,925
225,934
225,1121
225,1163
225,1233
225,1284
225,1411
225,1452
225,1512
225,1548
225,1659
225,1660
225,1690
225,1747
295,421
295,503
295,504
295,674
295,675
295,676
295,745
295,746
295,925
295,934
295,1121
295,1163
295,1233
295,1284
295,1411
295,1452
295,1512
295,1548
295,1659
295,1660
295,1690
295,1747
421,503
421,504
421,674
421,675
421,676
421,745
421,746
421,925
421,934
421,1121
421,1163
421,1233
421,1284
421,1411
421,1452
421,1512
421,1548
421,1659
421,1660
421,1690
421,1747
503,504
503,674
503,675
503,676
503,745
503,746
503,925
503,934
503,1121
503,1163
503,1233
503,1284
503,1411
503,1452
503,1512
503,1548
503,1659
503,1660
503,1690
503,1747
504,674
504,675
504,676
504,745
504,746
504,925
504,934
504,1121
504,1163
504,1233
504,1284
504,1411
504,1452
504,1512
504,1548
504,1659
504,1660
504,1690
504,1747
674,675
674,676
674,745
674,746
674,925
674,934
674,1121
674,1163
674,1233
674,1284
674,1411
674,1452
674,1512
674,1548
674,1659
674,1660
674,1690
674,1747
675,676
675,745
675,746
675,925
675,934
675,1121
675,1163
675,1233
675,1284
675,1411
675,1452
675,1512
675,1548
675,1659
675,1660
675,1690
675,1747
676,745
676,746
676,925
676,934
676,1121
676,1163
676,1233
676,1284
676,1411
676,1452
676,1512
676,1548
676,1659
676,1660
676,1690
676,1747
745,746
745,925
745,934
745,1121
745,1163
745,1233
745,1284
745,1411
745,1452
745,1512
745,1548
745,1659
745,1660
745,1690
745,1747
746,925
746,934
746,1121
746,1163
746,1233
746,1284
746,1411
746,1452
746,1512
746,1548
746,1659
746,1660
746,1690
746,1747
925,934
925,1121
925,1163
925,1233
925,1284
925,1411
925,1452
925,1512
925,1548
925,1659
925,1660
925,1690
925,1747
934,1121
934,1163
934,1233
934,1284
934,1411
934,1452
934,1512
934,1548
934,1659
934,1660
934,1690
934,1747
1121,1163
1121,1233
1121,1284
1121,1411
1121,1452
1121,1512
1121,1548
1121,1659
1121,1660
1121,1690
1121,1747
1163,1233
1163,1284
1163,1411
1163,1452
1163,1512
1163,1548
1163,1659
1163,1660
1163,1690
1163,1747
1233,1284
1233,1411
1233,1452
1233,1512
1233,1548
1233,1659
1233,1660
1233,1690
1233,1747
1284,1411
1284,1452
1284,1512
1284,1548
1284,1659
1284,1660
1284,1690
1284,1747
1411,1452
1411,1512
1411,1548
1411,1659
1411,1660
1411,1690
1411,1747
1452,1512
1452,1548
1452,1659
1452,1660
1452,1690
1452,1747
1512,1548
1512,1659
1512,1660
1512,1690
1512,1747
1548,1659
1548,1660
1548,1690
1548,1747
1659,1660
1659,1690
1659,1747
1660,1690
1660,1747
1690,1747
41,160
41,161
41,387
41,388
41,622
41,627
41,628
41,1393
41,1394
41,1819
160,161
160,387
160,388
160,622
160,627
160,628
160,1393
160,1394
160,1819
161,387
161,388
161,622
161,627
161,628
161,1393
161,1394
161,1819
387,388
387,622
387,627
387,628
387,1393
387,1394
387,1819
388,622
388,627
388,628
388,1393
388,1394
388,1819
622,627
622,628
622,1393
622,1394
622,1819
627,628
627,1393
627,1394
627,1819
628,1393
628,1394
628,1819
1393,1394
1393,1819
1394,1819
42,329
42,718
42,923
42,1193
42,1194
42,1195
42,1196
42,1454
329,718
329,923
329,1193
329,1194
329,1195
329,1196
329,1454
718,923
718,1193
718,1194
718,1195
718,1196
718,1454
923,1193
923,1194
923,1195
923,1196
923,1454
1193,1194
1193,1195
1193,1196
1193,1454
1194,1195
1194,1196
1194,1454
1195,1196
1195,1454
1196,1454
43,44
43,1231
43,1366
43,1390
43,1515
44,1231
44,1366
44,1390
44,1515
1231,1366
1231,1390
1231,1515
1366,1390
1366,1515
1390,1515
46,47
46,84
46,87
46,431
46,432
46,626
46,695
46,696
46,778
46,844
46,914
46,1092
46,1093
46,1156
46,1157
46,1192
46,1377
46,1542
46,1637
46,1691
46,1702
46,1717
47,84
47,87
47,431
47,432
47,626
47,695
47,696
47,778
47,844
47,914
47,1092
47,1093
47,1156
47,1157
47,1192
47,1377
47,1542
47,1637
47,1691
47,1702
47,1717
84,87
84,431
84,432
84,626
84,695
84,696
84,778
84,844
84,914
84,1092
84,1093
84,1156
84,1157
84,1192
84,1377
84,1542
84,1637
84,1691
84,1702
84,1717
87,431
87,432
87,626
87,695
87,696
87,778
87,844
87,914
87,1092
87,1093
87,1156
87,1157
87,1192
87,1377
87,1542
87,1637
87,1691
87,1702
87,1717
431,432
431,626
431,695
431,696
431,778
431,844
431,914
431,1092
431,1093
431,1156
431,1157
431,1192
431,1377
431,1542
431,1637
431,1691
431,1702
431,1717
432,626
432,695
432,696
432,778
432,844
432,914
432,1092
432,1093
432,1156
432,1157
432,1192
432,1377
432,1542
432,1637
432,1691
432,1702
432,1717
626,695
626,696
626,778
626,844
626,914
626,1092
626,1093
626,1156
626,1157
626,1192
626,1377
626,1542
626,1637
626,1691
626,1702
626,1717
695,696
695,778
695,844
695,914
695,1092
695,1093
695,1156
695,1157
695,1192
695,1377
695,1542
695,1637
695,1691
695,1702
695,1717
696,778
696,844
696,914
696,1092
696,1093
696,1156
696,1157
696,1192
696,1377
696,1542
696,1637
696,1691
696,1702
696,1717
778,844
778,914
778,1092
778,1093
778,1156
778,1157
778,1192
778,1377
778,1542
778,1637
778,1691
778,1702
778,1717
844,914
844,1092
844,1093
844,1156
844,1157
844,1192
844,1377
844,1542
844,1637
844,1691
844,1702
844,1717
914,1092
914,1093
914,1156
914,1157
914,1192
914,1377
914,1542
914,1637
914,1691
914,1702
914,1717
1092,1093
1092,1156
1092,1157
1092,1192
1092,1377
1092,1542
1092,1637
1092,1691
1092,1702
1092,1717
1093,1156
1093,1157
1093,1192
1093,1377
1093,1542
1093,1637
1093,1691
1093,1702
1093,1717
1156,1157
1156,1192
1156,1377
1156,1542
1156,1637
1156,1691
1156,1702
1156,1717
1157,1192
1157,1377
1157,1542
1157,1637
1157,1691
1157,1702
1157,1717
1192,1377
1192,1542
1192,1637
1192,1691
1192,1702
1192,1717
1377,1542
1377,1637
1377,1691
1377,1702
1377,1717
1542,1637
1542,1691
1542,1702
1542,1717
1637,1691
1637,1702
1637,1717
1691,1702
1691,1717
1702,1717
48,103
48,378
48,534
48,643
48,883
48,1135
48,1344
48,1345
48,1346
48,1351
48,1467
103,378
103,534
103,643
103,883
103,1135
103,1344
103,1345
103,1346
103,1351
103,1467
378,534
378,643
378,883
378,1135
378,1344
378,1345
378,1346
378,1351
378,1467
534,643
534,883
534,1135
534,1344
534,1345
534,1346
534,1351
534,1467
643,883
643,1135
643,1344
643,1345
643,1346
643,1351
643,1467
883,1135
883,1344
883,1345
883,1346
883,1351
883,1467
1135,1344
1135,1345
1135,1346
1135,1351
1135,1467
1344,1345
1344,1346
1344,1351
1344,1467
1345,1346
1345,1351
1345,1467
1346,1351
1346,1467
1351,1467
52,1694
52,1695
1694,1695
53,1448
53,1449
1448,1449
54,277
54,345
54,547
54,630
54,653
54,737
54,909
54,939
54,1014
54,1015
54,1128
54,1175
54,1176
54,1431
54,1446
54,1447
54,1461
54,1581
54,1582
54,1710
277,345
277,547
277,630
277,653
277,737
277,909
277,939
277,1014
277,1015
277,1128
277,1175
277,1176
277,1431
277,1446
277,1447
277,1461
277,1581
277,1582
277,1710
345,547
345,630
345,653
345,737
345,909
345,939
345,1014
345,1015
345,1128
345,1175
345,1176
345,1431
345,1446
345,1447
345,1461
345,1581
345,1582
345,1710
547,630
547,653
547,737
547,909
547,939
547,1014
547,1015
547,1128
547,1175
547,1176
547,1431
547,1446
547,1447
547,1461
547,1581
547,1582
547,1710
630,653
630,737
630,909
630,939
630,1014
630,1015
630,1128
630,1175
630,1176
630,1431
630,1446
630,1447
630,1461
630,1581
630,1582
630,1710
653,737
653,909
653,939
653,1014
653,1015
653,1128
653,1175
653,1176
653,1431
653,1446
653,1447
653,1461
653,1581
653,1582
653,1710
737,909
737,939
737,1014
737,1015
737,1128
737,1175
737,1176
737,1431
737,1446
737,1447
737,1461
737,1581
737,1582
737,1710
909,939
909,1014
909,1015
909,1128
909,1175
909,1176
909,1431
909,1446
909,1447
909,1461
909,1581
909,1582
909,1710
939,1014
939,1015
939,1128
939,1175
939,1176
939,1431
939,1446
939,1447
939,1461
939,1581
939,1582
939,1710
1014,1015
1014,1128
1014,1175
1014,1176
1014,1431
1014,1446
1014,1447
1014,1461
1014,1581
1014,1582
1014,1710
1015,1128
1015,1175
1015,1176
1015,1431
1015,1446
1015,1447
1015,1461
1015,1581
1015,1582
1015,1710
1128,1175
1128,1176
1128,1431
1128,1446
1128,1447
1128,1461
1128,1581
1128,1582
1128,1710
1175,1176
1175,1431
1175,1446
1175,1447
1175,1461
1175,1581
1175,1582
1175,1710
1176,1431
1176,1446
1176,1447
1176,1461
1176,1581
1176,1582
1176,1710
1431,1446
1431,1447
1431,1461
1431,1581
1431,1582
1431,1710
1446,1447
1446,1461
1446,1581
1446,1582
1446,1710
1447,1461
1447,1581
1447,1582
1447,1710
1461,1581
1461,1582
1461,1710
1581,1582
1581,1710
1582,1710
55,63
55,83
55,154
55,155
55,183
55,476
55,489
55,499
55,633
55,822
55,831
55,850
55,888
55,905
55,985
55,1024
55,1097
55,1142
55,1189
55,1241
55,1326
55,1383
55,1429
55,1430
55,1469
55,1545
55,1583
55,1609
63,83
63,154
63,155
63,183
63,476
63,489
63,499
63,633
63,822
63,831
63,850
63,888
63,905
63,985
63,1024
63,1097
63,1142
63,1189
63,1241
63,1326
63,1383
63,1429
63,1430
63,1469
63,1545
63,1583
63,1609
83,154
83,155
83,183
83,476
83,489
83,499
83,633
83,822
83,831
83,850
83,888
83,905
83,985
83,1024
83,1097
83,1142
83,1189
83,1241
83,1326
83,1383
83,1429
83,1430
83,1469
83,1545
83,1583
83,1609
154,155
154,183
154,476
154,489
154,499
154,633
154,822
154,831
154,850
154,888
154,905
154,985
154,1024
154,1097
154,1142
154,1189
154,1241
154,1326
154,1383
154,1429
154,1430
154,1469
154,1545
154,1583
154,1609
155,183
155,476
155,489
155,499
155,633
155,822
155,831
155,850
155,888
155,905
155,985
155,1024
155,1097
155,1142
155,1189
155,1241
155,1326
155,1383
155,1429
155,1430
155,1469
155,1545
155,1583
155,1609
183,476
183,489
183,499
183,633
183,822
183,831
183,850
183,888
183,905
183,985
183,1024
183,1097
183,1142
183,1189
183,1241
183,1326
183,1383
183,1429
183,1430
183,1469
183,1545
183,1583
183,1609
476,489
476,499
476,633
476,822
476,831
476,850
476,888
476,905
476,985
476,1024
476,1097
476,1142
476,1189
476,1241
476,1326
476,1383
476,1429
476,1430
476,1469
476,1545
476,1583
476,1609
489,499
489,633
489,822
489,831
489,850
489,888
489,905
489,985
489,1024
489,1097
489,1142
489,1189
489,1241
489,1326
489,1383
489,1429
489,1430
489,1469
489,1545
489,1583
489,1609
499,633
499,822
499,831
499,850
499,888
499,905
499,985
499,1024
499,1097
499,1142
499,1189
499,1241
499,1326
499,1383
499,1429
499,1430
499,1469
499,1545
499,1583
499,1609
633,822
633,831
633,850
633,888
633,905
633,985
633,1024
633,1097
633,1142
633,1189
633,1241
633,1326
633,1383
633,1429
633,1430
633,1469
633,1545
633,1583
633,1609
822,831
822,850
822,888
822,905
822,985
822,1024
822,1097
822,1142
822,1189
822,1241
822,1326
822,1383
822,1429
822,1430
822,1469
822,1545
822,1583
822,1609
831,850
831,888
831,905
831,985
831,1024
831,1097
831,1142
831,1189
831,1241
831,1326
831,1383
831,1429
831,1430
831,1469
831,1545
831,1583
831,1609
850,888
850,905
850,985
850,1024
850,1097
850,1142
850,1189
850,1241
850,1326
850,1383
850,1429
850,1430
850,1469
850,1545
850,1583
850,1609
888,905
888,985
888,1024
888,1097
888,1142
888,1189
888,1241
888,1326
888,1383
888,1429
888,1430
888,1469
888,1545
888,1583
888,1609
905,985
905,1024
905,1097
905,1142
905,1189
905,1241
905,1326
905,1383
905,1429
905,1430
905,1469
905,1545
905,1583
905,1609
985,1024
985,1097
985,1142
985,1189
985,1241
985,1326
985,1383
985,1429
985,1430
985,1469
985,1545
985,1583
985,1609
1024,1097
1024,1142
1024,1189
1024,1241
1024,1326
1024,1383
1024,1429
1024,1430
1024,1469
1024,1545
1024,1583
1024,1609
1097,1142
1097,1189
1097,1241
1097,1326
1097,1383
1097,1429
1097,1430
1097,1469
1097,1545
1097,1583
1097,1609
1142,1189
1142,1241
1142,1326
1142,1383
1142,1429
1142,1430
1142,1469
1142,1545
1142,1583
1142,1609
1189,1241
1189,1326
1189,1383
1189,1429
1189,1430
1189,1469
1189,1545
1189,1583
1189,1609
1241,1326
1241,1383
1241,1429
1241,1430
1241,1469
1241,1545
1241,1583
1241,1609
1326,1383
1326,1429
1326,1430
1326,1469
1326,1545
1326,1583
1326,1609
1383,1429
1383,1430
1383,1469
1383,1545
1383,1583
1383,1609
1429,1430
1429,1469
1429,1545
1429,1583
1429,1609
1430,1469
1430,1545
1430,1583
1430,1609
1469,1545
1469,1583
1469,1609
1545,1583
1545,1609
1583,1609
56,57
56,212
56,396
56,399
56,514
56,861
56,1046
56,1079
56,1433
57,212
57,396
57,399
57,514
57,861
57,1046
57,1079
57,1433
212,396
212,399
212,514
212,861
212,1046
212,1079
212,1433
396,399
396,514
396,861
396,1046
396,1079
396,1433
399,514
399,861
399,1046
399,1079
399,1433
514,861
514,1046
514,1079
514,1433
861,1046
861,1079
861,1433
1046,1079
1046,1433
1079,1433
60,187
60,244
60,245
60,246
60,256
60,257
60,291
60,292
60,302
60,303
60,304
60,391
60,442
60,612
60,758
60,871
60,875
60,922
60,1038
60,1153
60,1169
60,1170
60,1240
60,1261
60,1269
60,1307
60,1440
60,1457
60,1458
60,1504
60,1520
60,1538
60,1649
60,1650
60,1736
187,244
187,245
187,246
187,256
187,257
187,291
187,292
187,302
187,303
187,304
187,391
187,442
187,612
187,758
187,871
187,875
187,922
187,1038
187,1153
187,1169
187,1170
187,1240
187,1261
187,1269
187,1307
187,1440
187,1457
187,1458
187,1504
187,1520
187,1538
187,1649
187,1650
187,1736
244,245
244,246
244,256
244,257
244,291
244,292
244,302
244,303
244,304
244,391
244,442
244,612
244,758
244,871
244,875
244,922
244,1038
244,1153
244,1169
244,1170
244,1240
244,1261
244,1269
244,1307
244,1440
244,1457
244,1458
244,1504
244,1520
244,1538
244,1649
244,1650
244,1736
245,246
245,256
245,257
245,291
245,292
245,302
245,303
245,304
245,391
245,442
245,612
245,758
245,871
245,875
245,922
245,1038
245,1153
245,1169
245,1170
245,1240
245,1261
245,1269
245,1307
245,1440
245,1457
245,1458
245,1504
245,1520
245,1538
245,1649
245,1650
245,1736
246,256
246,257
246,291
246,292
246,302
246,303
246,304
246,391
246,442
246,612
246,758
246,871
246,875
246,922
246,1038
246,1153
246,1169
246,1170
246,1240
246,1261
246,1269
246,1307
246,1440
246,1457
246,1458
246,1504
246,1520
246,1538
246,1649
246,1650
246,1736
256,257
256,291
256,292
256,302
256,303
256,304
256,391
256,442
256,612
256,758
256,871
256,875
256,922
256,1038
256,1153
256,1169
256,1170
256,1240
256,1261
256,1269
256,1307
256,1440
256,1457
256,1458
256,1504
256,1520
256,1538
256,1649
256,1650
256,1736
257,291
257,292
257,302
257,303
257,304
257,391
257,442
257,612
257,758
257,871
257,875
257,922
257,1038
257,1153
257,1169
257,1170
257,1240
257,1261
257,1269
257,1307
257,1440
257,1457
257,1458
257,1504
257,1520
257,1538
257,1649
257,1650
257,1736
291,292
291,302
291,303
291,304
291,391
291,442
291,612
291,758
291,871
291,875
291,922
291,1038
291,1153
291,1169
291,1170
291,1240
291,1261
291,1269
291,1307
291,1440
291,1457
291,1458
291,1504
291,1520
291,1538
291,1649
291,1650
291,1736
292,302
292,303
292,304
292,391
292,442
292,612
292,758
292,871
292,875
292,922
292,1038
292,1153
292,1169
292,1170
292,1240
292,1261
292,1269
292,1307
292,1440
292,1457
292,1458
292,1504
292,1520
292,1538
292,1649
292,1650
292,1736
302,303
302,304
302,391
302,442
302,612
302,758
302,871
302,875
302,922
302,1038
302,1153
302,1169
302,1170
302,1240
302,1261
302,1269
302,1307
302,1440
302,1457
302,1458
302,1504
302,1520
302,1538
302,1649
302,1650
302,1736
303,304
303,391
303,442
303,612
303,758
303,871
303,875
303,922
303,1038
303,1153
303,1169
303,1170
303,1240
303,1261
303,1269
303,1307
303,1440
303,1457
303,1458
303,1504
303,1520
303,1538
303,1649
303,1650
303,1736
304,391
304,442
304,612
304,758
304,871
304,875
304,922
304,1038
304,1153
304,1169
304,1170
304,1240
304,1261
304,1269
304,1307
304,1440
304,1457
304,1458
304,1504
304,1520
304,1538
304,1649
304,1650
304,1736
391,442
391,612
391,758
391,871
391,875
391,922
391,1038
391,1153
391,1169
391,1170
391,1240
391,1261
391,1269
391,1307
391,1440
391,1457
391,1458
391,1504
391,1520
391,1538
391,1649
391,1650
391,1736
442,612
442,758
442,871
442,875
442,922
442,1038
442,1153
442,1169
442,1170
442,1240
442,1261
442,1269
442,1307
442,1440
442,1457
442,1458
442,1504
442,1520
442,1538
442,1649
442,1650
442,1736
612,758
612,871
612,875
612,922
612,1038
612,1153
612,1169
612,1170
612,1240
612,1261
612,1269
612,1307
612,1440
612,1457
612,1458
612,1504
612,1520
612,1538
612,1649
612,1650
612,1736
758,871
758,875
758,922
758,1038
758,1153
758,1169
758,1170
758,1240
758,1261
758,1269
758,1307
758,1440
758,1457
758,1458
758,1504
758,1520
758,1538
758,1649
758,1650
758,1736
871,875
871,922
871,1038
871,1153
871,1169
871,1170
871,1240
871,1261
871,1269
871,1307
871,1440
871,1457
871,1458
871,1504
871,1520
871,1538
871,1649
871,1650
871,1736
875,922
875,1038
875,1153
875,1169
875,1170
875,1240
875,1261
875,1269
875,1307
875,1440
875,1457
875,1458
875,1504
875,1520
875,1538
875,1649
875,1650
875,1736
922,1038
922,1153
922,1169
922,1170
922,1240
922,1261
922,1269
922,1307
922,1440
922,1457
922,1458
922,1504
922,1520
922,1538
922,1649
922,1650
922,1736
1038,1153
1038,1169
1038,1170
1038,1240
1038,1261
1038,1269
1038,1307
1038,1440
1038,1457
1038,1458
1038,1504
1038,1520
1038,1538
1038,1649
1038,1650
1038,1736
1153,1169
1153,1170
1153,1240
1153,1261
1153,1269
1153,1307
1153,1440
1153,1457
1153,1458
1153,1504
1153,1520
1153,1538
1153,1649
1153,1650
1153,1736
1169,1170
1169,1240
1169,1261
1169,1269
1169,1307
1169,1440
1169,1457
1169,1458
1169,1504
1169,1520
1169,1538
1169,1649
1169,1650
1169,1736
1170,1240
1170,1261
1170,1269
1170,1307
1170,1440
1170,1457
1170,1458
1170,1504
1170,1520
1170,1538
1170,1649
1170,1650
1170,1736
1240,1261
1240,1269
1240,1307
1240,1440
1240,1457
1240,1458
1240,1504
1240,1520
1240,1538
1240,1649
1240,1650
1240,1736
1261,1269
1261,1307
1261,1440
1261,1457
1261,1458
1261,1504
1261,1520
1261,1538
1261,1649
1261,1650
1261,1736
1269,1307
1269,1440
1269,1457
1269,1458
1269,1504
1269,1520
1269,1538
1269,1649
1269,1650
1269,1736
1307,1440
1307,1457
1307,1458
1307,1504
1307,1520
1307,1538
1307,1649
1307,1650
1307,1736
1440,1457
1440,1458
1440,1504
1440,1520
1440,1538
1440,1649
1440,1650
1440,1736
1457,1458
1457,1504
1457,1520
1457,1538
1457,1649
1457,1650
1457,1736
1458,1504
1458,1520
1458,1538
1458,1649
1458,1650
1458,1736
1504,1520
1504,1538
1504,1649
1504,1650
1504,1736
1520,1538
1520,1649
1520,1650
1520,1736
1538,1649
1538,1650
1538,1736
1649,1650
1649,1736
1650,1736
72,73
72,74
72,91
72,92
72,165
72,370
72,371
72,457
72,458
72,459
72,509
72,568
72,634
72,713
72,813
72,1002
72,1057
72,1127
72,1311
72,1359
72,1360
72,1364
72,1399
72,1403
72,1535
72,1591
72,1592
72,1734
72,1801
72,1802
72,1803
72,1811
73,74
73,91
73,92
73,165
73,370
73,371
73,457
73,458
73,459
73,509
73,568
73,634
73,713
73,813
73,1002
73,1057
73,1127
73,1311
73,1359
73,1360
73,1364
73,1399
73,1403
73,1535
73,1591
73,1592
73,1734
73,1801
73,1802
73,1803
73,1811
74,91
74,92
74,165
74,370
74,371
74,457
74,458
74,459
74,509
74,568
74,634
74,713
74,813
74,1002
74,1057
74,1127
74,1311
74,1359
74,1360
74,1364
74,1399
74,1403
74,1535
74,1591
74,1592
74,1734
74,1801
74,1802
74,1803
74,1811
91,92
91,165
91,370
91,371
91,457
91,458
91,459
91,509
91,568
91,634
91,713
91,813
91,1002
91,1057
91,1127
91,1311
91,1359
91,1360
91,1364
91,1399
91,1403
91,1535
91,1591
91,1592
91,1734
91,1801
91,1802
91,1803
91,1811
92,165
92,370
92,371
92,457
92,458
92,459
92,509
92,568
92,634
92,713
92,813
92,1002
92,1057
92,1127
92,1311
92,1359
92,1360
92,1364
92,1399
92,1403
92,1535
92,1591
92,1592
92,1734
92,1801
92,1802
92,1803
92,1811
165,370
165,371
165,457
165,458
165,459
165,509
165,568
165,634
165,713
165,813
165,1002
165,1057
165,1127
165,1311
165,1359
165,1360
165,1364
165,1399
165,1403
165,1535
165,1591
165,1592
165,1734
165,1801
165,1802
165,1803
165,1811
370,371
370,457
370,458
370,459
370,509
370,568
370,634
370,713
370,813
370,1002
370,1057
370,1127
370,1311
370,1359
370,1360
370,1364
370,1399
370,1403
370,1535
370,1591
370,1592
370,1734
370,1801
370,1802
370,1803
370,1811
371,457
371,458
371,459
371,509
371,568
371,634
371,713
371,813
371,1002
371,1057
371,1127
371,1311
371,1359
371,1360
371,1364
371,1399
371,1403
371,1535
371,1591
371,1592
371,1734
371,1801
371,1802
371,1803
371,1811
457,458
457,459
457,509
457,568
457,634
457,713
457,813
457,1002
457,1057
457,1127
457,1311
457,1359
457,1360
457,1364
457,1399
457,1403
457,1535
457,1591
457,1592
457,1734
457,1801
457,1802
457,1803
457,1811
458,459
458,509
458,568
458,634
458,713
458,813
458,1002
458,1057
458,1127
458,1311
458,1359
458,1360
458,1364
458,1399
458,1403
458,1535
458,1591
458,1592
458,1734
458,1801
458,1802
458,1803
458,1811
459,509
459,568
459,634
459,713
459,813
459,1002
459,1057
459,1127
459,1311
459,1359
459,1360
459,1364
459,1399
459,1403
459,1535
459,1591
459,1592
459,1734
459,1801
459,1802
459,1803
459,1811
509,568
509,634
509,713
509,813
509,1002
509,1057
509,1127
509,1311
509,1359
509,1360
509,1364
509,1399
509,1403
509,1535
509,1591
509,1592
509,1734
509,1801
509,1802
509,1803
509,1811
568,634
568,713
568,813
568,1002
568,1057
568,1127
568,1311
568,1359
568,1360
568,1364
568,1399
568,1403
568,1535
568,1591
568,1592
568,1734
568,1801
568,1802
568,1803
568,1811
634,713
634,813
634,1002
634,1057
634,1127
634,1311
634,1359
634,1360
634,1364
634,1399
634,1403
634,1535
634,1591
634,1592
634,1734
634,1801
634,1802
634,1803
634,1811
713,813
713,1002
713,1057
713,1127
713,1311
713,1359
713,1360
713,1364
713,1399
713,1403
713,1535
713,1591
713,1592
713,1734
713,1801
713,1802
713,1803
713,1811
813,1002
813,1057
813,1127
813,1311
813,1359
813,1360
813,1364
813,1399
813,1403
813,1535
813,1591
813,1592
813,1734
813,1801
813,1802
813,1803
813,1811
1002,1057
1002,1127
1002,1311
1002,1359
1002,1360
1002,1364
1002,1399
1002,1403
1002,1535
1002,1591
1002,1592
1002,1734
1002,1801
1002,1802
1002,1803
1002,1811
1057,1127
1057,1311
1057,1359
1057,1360
1057,1364
1057,1399
1057,1403
1057,1535
1057,1591
1057,1592
1057,1734
1057,1801
1057,1802
1057,1803
1057,1811
1127,1311
1127,1359
1127,1360
1127,1364
1127,1399
1127,1403
1127,1535
1127,1591
1127,1592
1127,1734
1127,1801
1127,1802
1127,1803
1127,1811
1311,1359
1311,1360
1311,1364
1311,1399
1311,1403
1311,1535
1311,1591
1311,1592
1311,1734
1311,1801
1311,1802
1311,1803
1311,1811
1359,1360
1359,1364
1359,1399
1359,1403
1359,1535
1359,1591
1359,1592
1359,1734
1359,1801
1359,1802
1359,1803
1359,1811
1360,1364
1360,1399
1360,1403
1360,1535
1360,1591
1360,1592
1360,1734
1360,1801
1360,1802
1360,1803
1360,1811
1364,1399
1364,1403
1364,1535
1364,1591
1364,1592
1364,1734
1364,1801
1364,1802
1364,1803
1364,1811
1399,1403
1399,1535
1399,1591
1399,1592
1399,1734
1399,1801
1399,1802
1399,1803
1399,1811
1403,1535
1403,1591
1403,1592
1403,1734
1403,1801
1403,1802
1403,1803
1403,1811
1535,1591
1535,1592
1535,1734
1535,1801
1535,1802
1535,1803
1535,1811
1591,1592
1591,1734
1591,1801
1591,1802
1591,1803
1591,1811
1592,1734
1592,1801
1592,1802
1592,1803
1592,1811
1734,1801
1734,1802
1734,1803
1734,1811
1801,1802
1801,1803
1801,1811
1802,1803
1802,1811
1803,1811
75,415
75,574
415,574
76,77
76,989
76,1320
77,989
77,1320
989,1320
78,79
78,80
78,287
78,288
79,80
79,287
79,288
80,287
80,288
287,288
85,101
85,123
85,133
85,141
85,174
85,218
85,282
85,389
85,404
85,433
85,463
85,623
85,706
85,839
85,843
85,1000
85,1005
85,1006
85,1069
85,1124
85,1159
85,1164
85,1198
85,1216
85,1294
85,1355
85,1471
85,1476
85,1482
85,1556
85,1571
85,1595
85,1646
85,1681
85,1682
85,1683
101,123
101,133
101,141
101,174
101,218
101,282
101,389
101,404
101,433
101,463
101,623
101,706
101,839
101,843
101,1000
101,1005
101,1006
101,1069
101,1124
101,1159
101,1164
101,1198
101,1216
101,1294
101,1355
101,1471
101,1476
101,1482
101,1556
101,1571
101,1595
101,1646
101,1681
101,1682
101,1683
123,133
123,141
123,174
123,218
123,282
123,389
123,404
123,433
123,463
123,623
123,706
123,839
123,843
123,1000
123,1005
123,1006
123,1069
123,1124
123,1159
123,1164
123,1198
123,1216
123,1294
123,1355
123,1471
123,1476
123,1482
123,1556
123,1571
123,1595
123,1646
123,1681
123,1682
123,1683
133,141
133,174
133,218
133,282
133,389
133,404
133,433
133,463
133,623
133,706
133,839
133,843
133,1000
133,1005
133,1006
133,1069
133,1124
133,1159
133,1164
133,1198
133,1216
133,1294
133,1355
133,1471
133,1476
133,1482
133,1556
133,1571
133,1595
133,1646
133,1681
133,1682
133,1683
141,174
141,218
141,282
141,389
141,404
141,433
141,463
141,623
141,706
141,839
141,843
141,1000
141,1005
141,1006
141,1069
141,1124
141,1159
141,1164
141,1198
141,1216
141,1294
141,1355
141,1471
141,1476
141,1482
141,1556
141,1571
141,1595
141,1646
141,1681
141,1682
141,1683
174,218
174,282
174,389
174,404
174,433
174,463
174,623
174,706
174,839
174,843
174,1000
174,1005
174,1006
174,1069
174,1124
174,1159
174,1164
174,1198
174,1216
174,1294
174,1355
174,1471
174,1476
174,1482
174,1556
174,1571
174,1595
174,1646
174,1681
174,1682
174,1683
218,282
218,389
218,404
218,433
218,463
218,623
218,706
218,839
218,843
218,1000
218,1005
218,1006
218,1069
218,1124
218,1159
218,1164
218,1198
218,1216
218,1294
218,1355
218,1471
218,1476
218,1482
218,1556
218,1571
218,1595
218,1646
218,1681
218,1682
218,1683
282,389
282,404
282,433
282,463
282,623
282,706
282,839
282,843
282,1000
282,1005
282,1006
282,1069
282,1124
282,1159
282,1164
282,1198
282,1216
282,1294
282,1355
282,1471
282,1476
282,1482
282,1556
282,1571
282,1595
282,1646
282,1681
282,1682
282,1683
389,404
389,433
389,463
389,623
389,706
389,839
389,843
389,1000
389,1005
389,1006
389,1069
389,1124
389,1159
389,1164
389,1198
389,1216
389,1294
389,1355
389,1471
389,1476
389,1482
389,1556
389,1571
389,1595
389,1646
389,1681
389,1682
389,1683
404,433
404,463
404,623
404,706
404,839
404,843
404,1000
404,1005
404,1006
404,1069
404,1124
404,1159
404,1164
404,1198
404,1216
404,1294
404,1355
404,1471
404,1476
404,1482
404,1556
404,1571
404,1595
404,1646
404,1681
404,1682
404,1683
433,463
433,623
433,706
433,839
433,843
433,1000
433,1005
433,1006
433,1069
433,1124
433,1159
433,1164
433,1198
433,1216
433,1294
433,1355
433,1471
433,1476
433,1482
433,1556
433,1571
433,1595
433,1646
433,1681
433,1682
433,1683
463,623
463,706
463,839
463,843
463,1000
463,1005
463,1006
463,1069
463,1124
463,1159
463,1164
463,1198
463,1216
463,1294
463,1355
463,1471
463,1476
463,1482
463,1556
463,1571
463,1595
463,1646
463,1681
463,1682
463,1683
623,706
623,839
623,843
623,1000
623,1005
623,1006
623,1069
623,1124
623,1159
623,1164
623,1198
623,1216
623,1294
623,1355
623,1471
623,1476
623,1482
623,1556
623,1571
623,1595
623,1646
623,1681
623,1682
623,1683
706,839
706,843
706,1000
706,1005
706,1006
706,1069
706,1124
706,1159
706,1164
706,1198
706,1216
706,1294
706,1355
706,1471
706,1476
706,1482
706,1556
706,1571
706,1595
706,1646
706,1681
706,1682
706,1683
839,843
839,1000
839,1005
839,1006
839,1069
839,1124
839,1159
839,1164
839,1198
839,1216
839,1294
839,1355
839,1471
839,1476
839,1482
839,1556
839,1571
839,1595
839,1646
839,1681
839,1682
839,1683
843,1000
843,1005
843,1006
843,1069
843,1124
843,1159
843,1164
843,1198
843,1216
843,1294
843,1355
843,1471
843,1476
843,1482
843,1556
843,1571
843,1595
843,1646
843,1681
843,1682
843,1683
1000,1005
1000,1006
1000,1069
1000,1124
1000,1159
1000,1164
1000,1198
1000,1216
1000,1294
1000,1355
1000,1471
1000,1476
1000,1482
1000,1556
1000,1571
1000,1595
1000,1646
1000,1681
1000,1682
1000,1683
1005,1006
1005,1069
1005,1124
1005,1159
1005,1164
1005,1198
1005,1216
1005,1294
1005,1355
1005,1471
1005,1476
1005,1482
1005,1556
1005,1571
1005,1595
1005,1646
1005,1681
1005,1682
1005,1683
1006,1069
1006,1124
1006,1159
1006,1164
1006,1198
1006,1216
1006,1294
1006,1355
1006,1471
1006,1476
1006,1482
1006,1556
1006,1571
1006,1595
1006,1646
1006,1681
1006,1682
1006,1683
1069,1124
1069,1159
1069,1164
1069,1198
1069,1216
1069,1294
1069,1355
1069,1471
1069,1476
1069,1482
1069,1556
1069,1571
1069,1595
1069,1646
1069,1681
1069,1682
1069,1683
1124,1159
1124,1164
1124,1198
1124,1216
1124,1294
1124,1355
1124,1471
1124,1476
1124,1482
1124,1556
1124,1571
1124,1595
1124,1646
1124,1681
1124,1682
1124,1683
1159,1164
1159,1198
1159,1216
1159,1294
1159,1355
1159,1471
1159,1476
1159,1482
1159,1556
1159,1571
1159,1595
1159,1646
1159,1681
1159,1682
1159,1683
1164,1198
1164,1216
1164,1294
1164,1355
1164,1471
1164,1476
1164,1482
1164,1556
1164,1571
1164,1595
1164,1646
1164,1681
1164,1682
1164,1683
1198,1216
1198,1294
1198,1355
1198,1471
1198,1476
1198,1482
1198,1556
1198,1571
1198,1595
1198,1646
1198,1681
1198,1682
1198,1683
1216,1294
1216,1355
1216,1471
1216,1476
1216,1482
1216,1556
1216,1571
1216,1595
1216,1646
1216,1681
1216,1682
1216,1683
1294,1355
1294,1471
1294,1476
1294,1482
1294,1556
1294,1571
1294,1595
1294,1646
1294,1681
1294,1682
1294,1683
1355,1471
1355,1476
1355,1482
1355,1556
1355,1571
1355,1595
1355,1646
1355,1681
1355,1682
1355,1683
1471,1476
1471,1482
1471,1556
1471,1571
1471,1595
1471,1646
1471,1681
1471,1682
1471,1683
1476,1482
1476,1556
1476,1571
1476,1595
1476,1646
1476,1681
1476,1682
1476,1683
1482,1556
1482,1571
1482,1595
1482,1646
1482,1681
1482,1682
1482,1683
1556,1571
1556,1595
1556,1646
1556,1681
1556,1682
1556,1683
1571,1595
1571,1646
1571,1681
1571,1682
1571,1683
1595,1646
1595,1681
1595,1682
1595,1683
1646,1681
1646,1682
1646,1683
1681,1682
1681,1683
1682,1683
86,124
86,125
86,126
86,127
86,249
86,392
86,393
86,445
86,446
86,740
86,978
86,1304
86,1317
86,1767
124,125
124,126
124,127
124,249
124,392
124,393
124,445
124,446
124,740
124,978
124,1304
124,1317
124,1767
125,126
125,127
125,249
125,392
125,393
125,445
125,446
125,740
125,978
125,1304
125,1317
125,1767
126,127
126,249
126,392
126,393
126,445
126,446
126,740
126,978
126,1304
126,1317
126,1767
127,249
127,392
127,393
127,445
127,446
127,740
127,978
127,1304
127,1317
127,1767
249,392
249,393
249,445
249,446
249,740
249,978
249,1304
249,1317
249,1767
392,393
392,445
392,446
392,740
392,978
392,1304
392,1317
392,1767
393,445
393,446
393,740
393,978
393,1304
393,1317
393,1767
445,446
445,740
445,978
445,1304
445,1317
445,1767
446,740
446,978
446,1304
446,1317
446,1767
740,978
740,1304
740,1317
740,1767
978,1304
978,1317
978,1767
1304,1317
1304,1767
1317,1767
88,223
88,346
88,456
88,543
88,544
88,1133
88,1495
88,1547
223,346
223,456
223,543
223,544
223,1133
223,1495
223,1547
346,456
346,543
346,544
346,1133
346,1495
346,1547
456,543
456,544
456,1133
456,1495
456,1547
543,544
543,1133
543,1495
543,1547
544,1133
544,1495
544,1547
1133,1495
1133,1547
1495,1547
89,280
89,281
89,355
89,356
89,357
89,358
89,394
89,395
89,494
89,734
89,810
89,855
89,1277
280,281
280,355
280,356
280,357
280,358
280,394
280,395
280,494
280,734
280,810
280,855
280,1277
281,355
281,356
281,357
281,358
281,394
281,395
281,494
281,734
281,810
281,855
281,1277
355,356
355,357
355,358
355,394
355,395
355,494
355,734
355,810
355,855
355,1277
356,357
356,358
356,394
356,395
356,494
356,734
356,810
356,855
356,1277
357,358
357,394
357,395
357,494
357,734
357,810
357,855
357,1277
358,394
358,395
358,494
358,734
358,810
358,855
358,1277
394,395
394,494
394,734
394,810
394,855
394,1277
395,494
395,734
395,810
395,855
395,1277
494,734
494,810
494,855
494,1277
734,810
734,855
734,1277
810,855
810,1277
855,1277
94,233
94,1300
233,1300
95,96
95,97
95,109
95,299
95,491
95,738
95,753
95,857
95,874
95,886
95,966
95,993
95,1012
95,1173
95,1199
95,1631
95,1632
95,1706
95,1757
95,1771
95,1772
95,1773
95,1818
96,97
96,109
96,299
96,491
96,738
96,753
96,857
96,874
96,886
96,966
96,993
96,1012
96,1173
96,1199
96,1631
96,1632
96,1706
96,1757
96,1771
96,1772
96,1773
96,1818
97,109
97,299
97,491
97,738
97,753
97,857
97,874
97,886
97,966
97,993
97,1012
97,1173
97,1199
97,1631
97,1632
97,1706
97,1757
97,1771
97,1772
97,1773
97,1818
109,299
109,491
109,738
109,753
109,857
109,874
109,886
109,966
109,993
109,1012
109,1173
109,1199
109,1631
109,1632
109,1706
109,1757
109,1771
109,1772
109,1773
109,1818
299,491
299,738
299,753
299,857
299,874
299,886
299,966
299,993
299,1012
299,1173
299,1199
299,1631
299,1632
299,1706
299,1757
299,1771
299,1772
299,1773
299,1818
491,738
491,753
491,857
491,874
491,886
491,966
491,993
491,1012
491,1173
491,1199
491,1631
491,1632
491,1706
491,1757
491,1771
491,1772
491,1773
491,1818
738,753
738,857
738,874
738,886
738,966
738,993
738,1012
738,1173
738,1199
738,1631
738,1632
738,1706
738,1757
738,1771
738,1772
738,1773
738,1818
753,857
753,874
753,886
753,966
753,993
753,1012
753,1173
753,1199
753,1631
753,1632
753,1706
753,1757
753,1771
753,1772
753,1773
753,1818
857,874
857,886
857,966
857,993
857,1012
857,1173
857,1199
857,1631
857,1632
857,1706
857,1757
857,1771
857,1772
857,1773
857,1818
874,886
874,966
874,993
874,1012
874,1173
874,1199
874,1631
874,1632
874,1706
874,1757
874,1771
874,1772
874,1773
874,1818
886,966
886,993
886,1012
886,1173
886,1199
886,1631
886,1632
886,1706
886,1757
886,1771
886,1772
886,1773
886,1818
966,993
966,1012
966,1173
966,1199
966,1631
966,1632
966,1706
966,1757
966,1771
966,1772
966,1773
966,1818
993,1012
993,1173
993,1199
993,1631
993,1632
993,1706
993,1757
993,1771
993,1772
993,1773
993,1818
1012,1173
1012,1199
1012,1631
1012,1632
1012,1706
1012,1757
1012,1771
1012,1772
1012,1773
1012,1818
1173,1199
1173,1631
1173,1632
1173,1706
1173,1757
1173,1771
1173,1772
1173,1773
1173,1818
1199,1631
1199,1632
1199,1706
1199,1757
1199,1771
1199,1772
1199,1773
1199,1818
1631,1632
1631,1706
1631,1757
1631,1771
1631,1772
1631,1773
1631,1818
1632,1706
1632,1757
1632,1771
1632,1772
1632,1773
1632,1818
1706,1757
1706,1771
1706,1772
1706,1773
1706,1818
1757,1771
1757,1772
1757,1773
1757,1818
1771,1772
1771,1773
1771,1818
1772,1773
1772,1818
1773,1818
106,132
106,181
106,318
106,744
132,181
132,318
132,744
181,318
181,744
318,744
111,266
111,267
111,403
111,452
111,465
111,478
111,496
111,588
111,819
111,820
111,824
111,849
111,1090
111,1161
111,1204
111,1253
111,1259
111,1401
111,1635
111,1733
111,1798
111,1799
111,1808
266,267
266,403
266,452
266,465
266,478
266,496
266,588
266,819
266,820
266,824
266,849
266,1090
266,1161
266,1204
266,1253
266,1259
266,1401
266,1635
266,1733
266,1798
266,1799
266,1808
267,403
267,452
267,465
267,478
267,496
267,588
267,819
267,820
267,824
267,849
267,1090
267,1161
267,1204
267,1253
267,1259
267,1401
267,1635
267,1733
267,1798
267,1799
267,1808
403,452
403,465
403,478
403,496
403,588
403,819
403,820
403,824
403,849
403,1090
403,1161
403,1204
403,1253
403,1259
403,1401
403,1635
403,1733
403,1798
403,1799
403,1808
452,465
452,478
452,496
452,588
452,819
452,820
452,824
452,849
452,1090
452,1161
452,1204
452,1253
452,1259
452,1401
452,1635
452,1733
452,1798
452,1799
452,1808
465,478
465,496
465,588
465,819
465,820
465,824
465,849
465,1090
465,1161
465,1204
465,1253
465,1259
465,1401
465,1635
465,1733
465,1798
465,1799
465,1808
478,496
478,588
478,819
478,820
478,824
478,849
478,1090
478,1161
478,1204
478,1253
478,1259
478,1401
478,1635
478,1733
478,1798
478,1799
478,1808
496,588
496,819
496,820
496,824
496,849
496,1090
496,1161
496,1204
496,1253
496,1259
496,1401
496,1635
496,1733
496,1798
496,1799
496,1808
588,819
588,820
588,824
588,849
588,1090
588,1161
588,1204
588,1253
588,1259
588,1401
588,1635
588,1733
588,1798
588,1799
588,1808
819,820
819,824
819,849
819,1090
819,1161
819,1204
819,1253
819,1259
819,1401
819,1635
819,1733
819,1798
819,1799
819,1808
820,824
820,849
820,1090
820,1161
820,1204
820,1253
820,1259
820,1401
820,1635
820,1733
820,1798
820,1799
820,1808
824,849
824,1090
824,1161
824,1204
824,1253
824,1259
824,1401
824,1635
824,1733
824,1798
824,1799
824,1808
849,1090
849,1161
849,1204
849,1253
849,1259
849,1401
849,1635
849,1733
849,1798
849,1799
849,1808
1090,1161
1090,1204
1090,1253
1090,1259
1090,1401
1090,1635
1090,1733
1090,1798
1090,1799
1090,1808
1161,1204
1161,1253
1161,1259
1161,1401
1161,1635
1161,1733
1161,1798
1161,1799
1161,1808
1204,1253
1204,1259
1204,1401
1204,1635
1204,1733
1204,1798
1204,1799
1204,1808
1253,1259
1253,1401
1253,1635
1253,1733
1253,1798
1253,1799
1253,1808
1259,1401
1259,1635
1259,1733
1259,1798
1259,1799
1259,1808
1401,1635
1401,1733
1401,1798
1401,1799
1401,1808
1635,1733
1635,1798
1635,1799
1635,1808
1733,1798
1733,1799
1733,1808
1798,1799
1798,1808
1799,1808
112,490
112,792
112,838
112,958
112,969
112,970
112,981
112,982
112,1782
490,792
490,838
490,958
490,969
490,970
490,981
490,982
490,1782
792,838
792,958
792,969
792,970
792,981
792,982
792,1782
838,958
838,969
838,970
838,981
838,982
838,1782
958,969
958,970
958,981
958,982
958,1782
969,970
969,981
969,982
969,1782
970,981
970,982
970,1782
981,982
981,1782
982,1782
113,317
113,417
113,522
113,721
113,1625
113,1654
113,1655
113,1685
113,1800
113,1812
317,417
317,522
317,721
317,1625
317,1654
317,1655
317,1685
317,1800
317,1812
417,522
417,721
417,1625
417,1654
417,1655
417,1685
417,1800
417,1812
522,721
522,1625
522,1654
522,1655
522,1685
522,1800
522,1812
721,1625
721,1654
721,1655
721,1685
721,1800
721,1812
1625,1654
1625,1655
1625,1685
1625,1800
1625,1812
1654,1655
1654,1685
1654,1800
1654,1812
1655,1685
1655,1800
1655,1812
1685,1800
1685,1812
1800,1812
117,273
117,278
117,1247
117,1459
117,1795
117,1796
273,278
273,1247
273,1459
273,1795
273,1796
278,1247
278,1459
278,1795
278,1796
1247,1459
1247,1795
1247,1796
1459,1795
1459,1796
1795,1796
122,268
122,269
122,428
122,466
122,578
122,644
122,729
122,730
122,777
122,859
122,1098
122,1438
122,1439
122,1560
122,1775
268,269
268,428
268,466
268,578
268,644
268,729
268,730
268,777
268,859
268,1098
268,1438
268,1439
268,1560
268,1775
269,428
269,466
269,578
269,644
269,729
269,730
269,777
269,859
269,1098
269,1438
269,1439
269,1560
269,1775
428,466
428,578
428,644
428,729
428,730
428,777
428,859
428,1098
428,1438
428,1439
428,1560
428,1775
466,578
466,644
466,729
466,730
466,777
466,859
466,1098
466,1438
466,1439
466,1560
466,1775
578,644
578,729
578,730
578,777
578,859
578,1098
578,1438
578,1439
578,1560
578,1775
644,729
644,730
644,777
644,859
644,1098
644,1438
644,1439
644,1560
644,1775
729,730
729,777
729,859
729,1098
729,1438
729,1439
729,1560
729,1775
730,777
730,859
730,1098
730,1438
730,1439
730,1560
730,1775
777,859
777,1098
777,1438
777,1439
777,1560
777,1775
859,1098
859,1438
859,1439
859,1560
859,1775
1098,1438
1098,1439
1098,1560
1098,1775
1438,1439
1438,1560
1438,1775
1439,1560
1439,1775
1560,1775
128,1293
128,1335
128,1518
1293,1335
1293,1518
1335,1518
134,438
134,1016
134,1303
134,1602
134,1603
134,1604
134,1605
134,1606
438,1016
438,1303
438,1602
438,1603
438,1604
438,1605
438,1606
1016,1303
1016,1602
1016,1603
1016,1604
1016,1605
1016,1606
1303,1602
1303,1603
1303,1604
1303,1605
1303,1606
1602,1603
1602,1604
1602,1605
1602,1606
1603,1604
1603,1605
1603,1606
1604,1605
1604,1606
1605,1606
135,286
135,1499
135,1661
286,1499
286,1661
1499,1661
136,408
136,511
136,666
136,728
136,899
136,1149
136,1184
136,1502
136,1550
136,1703
408,511
408,666
408,728
408,899
408,1149
408,1184
408,1502
408,1550
408,1703
511,666
511,728
511,899
511,1149
511,1184
511,1502
511,1550
511,1703
666,728
666,899
666,1149
666,1184
666,1502
666,1550
666,1703
728,899
728,1149
728,1184
728,1502
728,1550
728,1703
899,1149
899,1184
899,1502
899,1550
899,1703
1149,1184
1149,1502
1149,1550
1149,1703
1184,1502
1184,1550
1184,1703
1502,1550
1502,1703
1550,1703
137,175
137,301
137,347
137,382
137,383
137,887
137,1185
137,1285
137,1728
137,1729
175,301
175,347
175,382
175,383
175,887
175,1185
175,1285
175,1728
175,1729
301,347
301,382
301,383
301,887
301,1185
301,1285
301,1728
301,1729
347,382
347,383
347,887
347,1185
347,1285
347,1728
347,1729
382,383
382,887
382,1185
382,1285
382,1728
382,1729
383,887
383,1185
383,1285
383,1728
383,1729
887,1185
887,1285
887,1728
887,1729
1185,1285
1185,1728
1185,1729
1285,1728
1285,1729
1728,1729
138,204
138,878
138,879
138,880
138,881
138,1322
138,1618
204,878
204,879
204,880
204,881
204,1322
204,1618
878,879
878,880
878,881
878,1322
878,1618
879,880
879,881
879,1322
879,1618
880,881
880,1322
880,1618
881,1322
881,1618
1322,1618
140,1031
140,1111
140,1112
140,1113
140,1188
140,1744
1031,1111
1031,1112
1031,1113
1031,1188
1031,1744
1111,1112
1111,1113
1111,1188
1111,1744
1112,1113
1112,1188
1112,1744
1113,1188
1113,1744
1188,1744
143,159
143,364
143,365
143,366
143,367
143,368
143,425
143,747
143,968
143,986
143,1134
143,1279
143,1280
143,1356
143,1563
143,1596
143,1656
143,1708
159,364
159,365
159,366
159,367
159,368
159,425
159,747
159,968
159,986
159,1134
159,1279
159,1280
159,1356
159,1563
159,1596
159,1656
159,1708
364,365
364,366
364,367
364,368
364,425
364,747
364,968
364,986
364,1134
364,1279
364,1280
364,1356
364,1563
364,1596
364,1656
364,1708
365,366
365,367
365,368
365,425
365,747
365,968
365,986
365,1134
365,1279
365,1280
365,1356
365,1563
365,1596
365,1656
365,1708
366,367
366,368
366,425
366,747
366,968
366,986
366,1134
366,1279
366,1280
366,1356
366,1563
366,1596
366,1656
366,1708
367,368
367,425
367,747
367,968
367,986
367,1134
367,1279
367,1280
367,1356
367,1563
367,1596
367,1656
367,1708
368,425
368,747
368,968
368,986
368,1134
368,1279
368,1280
368,1356
368,1563
368,1596
368,1656
368,1708
425,747
425,968
425,986
425,1134
425,1279
425,1280
425,1356
425,1563
425,1596
425,1656
425,1708
747,968
747,986
747,1134
747,1279
747,1280
747,1356
747,1563
747,1596
747,1656
747,1708
968,986
968,1134
968,1279
968,1280
968,1356
968,1563
968,1596
968,1656
968,1708
986,1134
986,1279
986,1280
986,1356
986,1563
986,1596
986,1656
986,1708
1134,1279
1134,1280
1134,1356
1134,1563
1134,1596
1134,1656
1134,1708
1279,1280
1279,1356
1279,1563
1279,1596
1279,1656
1279,1708
1280,1356
1280,1563
1280,1596
1280,1656
1280,1708
1356,1563
1356,1596
1356,1656
1356,1708
1563,1596
1563,1656
1563,1708
1596,1656
1596,1708
1656,1708
145,193
145,631
145,1037
145,1039
145,1040
145,1041
145,1419
145,1493
145,1549
145,1598
193,631
193,1037
193,1039
193,1040
193,1041
193,1419
193,1493
193,1549
193,1598
631,1037
631,1039
631,1040
631,1041
631,1419
631,1493
631,1549
631,1598
1037,1039
1037,1040
1037,1041
1037,1419
1037,1493
1037,1549
1037,1598
1039,1040
1039,1041
1039,1419
1039,1493
1039,1549
1039,1598
1040,1041
1040,1419
1040,1493
1040,1549
1040,1598
1041,1419
1041,1493
1041,1549
1041,1598
1419,1493
1419,1549
1419,1598
1493,1549
1493,1598
1549,1598
146,232
146,1166
232,1166
149,150
149,151
149,152
149,1794
150,151
150,152
150,1794
151,152
151,1794
152,1794
153,818
153,1075
153,1527
818,1075
818,1527
1075,1527
158,285
158,832
158,976
158,998
158,1348
158,1404
158,1558
285,832
285,976
285,998
285,1348
285,1404
285,1558
832,976
832,998
832,1348
832,1404
832,1558
976,998
976,1348
976,1404
976,1558
998,1348
998,1404
998,1558
1348,1404
1348,1558
1404,1558
164,743
164,1551
164,1739
743,1551
743,1739
1551,1739
166,167
166,168
166,169
166,170
167,168
167,169
167,170
168,169
168,170
169,170
171,201
171,202
171,250
171,306
171,307
171,352
171,548
171,560
171,704
171,1103
171,1104
171,1181
171,1197
171,1209
171,1217
171,1230
171,1707
171,1763
171,1765
201,202
201,250
201,306
201,307
201,352
201,548
201,560
201,704
201,1103
201,1104
201,1181
201,1197
201,1209
201,1217
201,1230
201,1707
201,1763
201,1765
202,250
202,306
202,307
202,352
202,548
202,560
202,704
202,1103
202,1104
202,1181
202,1197
202,1209
202,1217
202,1230
202,1707
202,1763
202,1765
250,306
250,307
250,352
250,548
250,560
250,704
250,1103
250,1104
250,1181
250,1197
250,1209
250,1217
250,1230
250,1707
250,1763
250,1765
306,307
306,352
306,548
306,560
306,704
306,1103
306,1104
306,1181
306,1197
306,1209
306,1217
306,1230
306,1707
306,1763
306,1765
307,352
307,548
307,560
307,704
307,1103
307,1104
307,1181
307,1197
307,1209
307,1217
307,1230
307,1707
307,1763
307,1765
352,548
352,560
352,704
352,1103
352,1104
352,1181
352,1197
352,1209
352,1217
352,1230
352,1707
352,1763
352,1765
548,560
548,704
548,1103
548,1104
548,1181
548,1197
548,1209
548,1217
548,1230
548,1707
548,1763
548,1765
560,704
560,1103
560,1104
560,1181
560,1197
560,1209
560,1217
560,1230
560,1707
560,1763
560,1765
704,1103
704,1104
704,1181
704,1197
704,1209
704,1217
704,1230
704,1707
704,1763
704,1765
1103,1104
1103,1181
1103,1197
1103,1209
1103,1217
1103,1230
1103,1707
1103,1763
1103,1765
1104,1181
1104,1197
1104,1209
1104,1217
1104,1230
1104,1707
1104,1763
1104,1765
1181,1197
1181,1209
1181,1217
1181,1230
1181,1707
1181,1763
1181,1765
1197,1209
1197,1217
1197,1230
1197,1707
1197,1763
1197,1765
1209,1217
1209,1230
1209,1707
1209,1763
1209,1765
1217,1230
1217,1707
1217,1763
1217,1765
1230,1707
1230,1763
1230,1765
1707,1763
1707,1765
1763,1765
176,506
176,619
176,773
176,854
176,873
176,1146
176,1205
176,1415
176,1420
176,1421
506,619
506,773
506,854
506,873
506,1146
506,1205
506,1415
506,1420
506,1421
619,773
619,854
619,873
619,1146
619,1205
619,1415
619,1420
619,1421
773,854
773,873
773,1146
773,1205
773,1415
773,1420
773,1421
854,873
854,1146
854,1205
854,1415
854,1420
854,1421
873,1146
873,1205
873,1415
873,1420
873,1421
1146,1205
1146,1415
1146,1420
1146,1421
1205,1415
1205,1420
1205,1421
1415,1420
1415,1421
1420,1421
182,213
182,1309
182,1410
182,1455
182,1789
213,1309
213,1410
213,1455
213,1789
1309,1410
1309,1455
1309,1789
1410,1455
1410,1789
1455,1789
185,219
185,309
185,1256
219,309
219,1256
309,1256
188,189
188,190
188,1096
188,1206
188,1207
188,1208
189,190
189,1096
189,1206
189,1207
189,1208
190,1096
190,1206
190,1207
190,1208
1096,1206
1096,1207
1096,1208
1206,1207
1206,1208
1207,1208
194,195
194,196
194,197
194,198
194,374
194,597
195,196
195,197
195,198
195,374
195,597
196,197
196,198
196,374
196,597
197,198
197,374
197,597
198,374
198,597
374,597
200,410
200,492
200,535
200,577
200,599
200,610
200,611
200,642
200,699
200,780
200,781
200,955
200,956
200,974
200,1048
200,1302
200,1496
200,1629
200,1630
200,1658
200,1664
200,1665
200,1666
200,1758
410,492
410,535
410,577
410,599
410,610
410,611
410,642
410,699
410,780
410,781
410,955
410,956
410,974
410,1048
410,1302
410,1496
410,1629
410,1630
410,1658
410,1664
410,1665
410,1666
410,1758
492,535
492,577
492,599
492,610
492,611
492,642
492,699
492,780
492,781
492,955
492,956
492,974
492,1048
492,1302
492,1496
492,1629
492,1630
492,1658
492,1664
492,1665
492,1666
492,1758
535,577
535,599
535,610
535,611
535,642
535,699
535,780
535,781
535,955
535,956
535,974
535,1048
535,1302
535,1496
535,1629
535,1630
535,1658
535,1664
535,1665
535,1666
535,1758
577,599
577,610
577,611
577,642
577,699
577,780
577,781
577,955
577,956
577,974
577,1048
577,1302
577,1496
577,1629
577,1630
577,1658
577,1664
577,1665
577,1666
577,1758
599,610
599,611
599,642
599,699
599,780
599,781
599,955
599,956
599,974
599,1048
599,1302
599,1496
599,1629
599,1630
599,1658
599,1664
599,1665
599,1666
599,1758
610,611
610,642
610,699
610,780
610,781
610,955
610,956
610,974
610,1048
610,1302
610,1496
610,1629
610,1630
610,1658
610,1664
610,1665
610,1666
610,1758
611,642
611,699
611,780
611,781
611,955
611,956
611,974
611,1048
611,1302
611,1496
611,1629
611,1630
611,1658
611,1664
611,1665
611,1666
611,1758
642,699
642,780
642,781
642,955
642,956
642,974
642,1048
642,1302
642,1496
642,1629
642,1630
642,1658
642,1664
642,1665
642,1666
642,1758
699,780
699,781
699,955
699,956
699,974
699,1048
699,1302
699,1496
699,1629
699,1630
699,1658
699,1664
699,1665
699,1666
699,1758
780,781
780,955
780,956
780,974
780,1048
780,1302
780,1496
780,1629
780,1630
780,1658
780,1664
780,1665
780,1666
780,1758
781,955
781,956
781,974
781,1048
781,1302
781,1496
781,1629
781,1630
781,1658
781,1664
781,1665
781,1666
781,1758
955,956
955,974
955,1048
955,1302
955,1496
955,1629
955,1630
955,1658
955,1664
955,1665
955,1666
955,1758
956,974
956,1048
956,1302
956,1496
956,1629
956,1630
956,1658
956,1664
956,1665
956,1666
956,1758
974,1048
974,1302
974,1496
974,1629
974,1630
974,1658
974,1664
974,1665
974,1666
974,1758
1048,1302
1048,1496
1048,1629
1048,1630
1048,1658
1048,1664
1048,1665
1048,1666
1048,1758
1302,1496
1302,1629
1302,1630
1302,1658
1302,1664
1302,1665
1302,1666
1302,1758
1496,1629
1496,1630
1496,1658
1496,1664
1496,1665
1496,1666
1496,1758
1629,1630
1629,1658
1629,1664
1629,1665
1629,1666
1629,1758
1630,1658
1630,1664
1630,1665
1630,1666
1630,1758
1658,1664
1658,1665
1658,1666
1658,1758
1664,1665
1664,1666
1664,1758
1665,1666
1665,1758
1666,1758
203,561
203,638
203,710
203,980
203,1064
561,638
561,710
561,980
561,1064
638,710
638,980
638,1064
710,980
710,1064
980,1064
205,701
205,1610
205,1670
205,1671
205,1672
205,1754
701,1610
701,1670
701,1671
701,1672
701,1754
1610,1670
1610,1671
1610,1672
1610,1754
1670,1671
1670,1672
1670,1754
1671,1672
1671,1754
1672,1754
206,372
206,1651
372,1651
207,856
207,1073
207,1190
856,1073
856,1190
1073,1190
211,240
211,684
211,1485
240,684
240,1485
684,1485
215,983
215,1258
215,1327
983,1258
983,1327
1258,1327
216,467
216,667
216,685
216,692
216,757
216,965
216,1059
216,1060
216,1144
216,1381
216,1382
216,1509
216,1561
216,1814
467,667
467,685
467,692
467,757
467,965
467,1059
467,1060
467,1144
467,1381
467,1382
467,1509
467,1561
467,1814
667,685
667,692
667,757
667,965
667,1059
667,1060
667,1144
667,1381
667,1382
667,1509
667,1561
667,1814
685,692
685,757
685,965
685,1059
685,1060
685,1144
685,1381
685,1382
685,1509
685,1561
685,1814
692,757
692,965
692,1059
692,1060
692,1144
692,1381
692,1382
692,1509
692,1561
692,1814
757,965
757,1059
757,1060
757,1144
757,1381
757,1382
757,1509
757,1561
757,1814
965,1059
965,1060
965,1144
965,1381
965,1382
965,1509
965,1561
965,1814
1059,1060
1059,1144
1059,1381
1059,1382
1059,1509
1059,1561
1059,1814
1060,1144
1060,1381
1060,1382
1060,1509
1060,1561
1060,1814
1144,1381
1144,1382
1144,1509
1144,1561
1144,1814
1381,1382
1381,1509
1381,1561
1381,1814
1382,1509
1382,1561
1382,1814
1509,1561
1509,1814
1561,1814
222,1245
222,1559
1245,1559
228,331
228,351
228,416
228,479
228,480
228,484
228,502
228,532
228,555
228,591
228,618
228,621
228,803
228,837
228,864
228,928
228,949
228,996
228,997
228,1013
228,1061
228,1068
228,1089
228,1107
228,1242
228,1250
228,1276
228,1336
228,1337
228,1384
228,1409
228,1417
228,1494
228,1557
228,1564
228,1579
228,1613
228,1675
228,1714
228,1749
228,1770
228,1777
228,1778
228,1806
228,1821
331,351
331,416
331,479
331,480
331,484
331,502
331,532
331,555
331,591
331,618
331,621
331,803
331,837
331,864
331,928
331,949
331,996
331,997
331,1013
331,1061
331,1068
331,1089
331,1107
331,1242
331,1250
331,1276
331,1336
331,1337
331,1384
331,1409
331,1417
331,1494
331,1557
331,1564
331,1579
331,1613
331,1675
331,1714
331,1749
331,1770
331,1777
331,1778
331,1806
331,1821
351,416
351,479
351,480
351,484
351,502
351,532
351,555
351,591
351,618
351,621
351,803
351,837
351,864
351,928
351,949
351,996
351,997
351,1013
351,1061
351,1068
351,1089
351,1107
351,1242
351,1250
351,1276
351,1336
351,1337
351,1384
351,1409
351,1417
351,1494
351,1557
351,1564
351,1579
351,1613
351,1675
351,1714
351,1749
351,1770
351,1777
351,1778
351,1806
351,1821
416,479
416,480
416,484
416,502
416,532
416,555
416,591
416,618
416,621
416,803
416,837
416,864
416,928
416,949
416,996
416,997
416,1013
416,1061
416,1068
416,1089
416,1107
416,1242
416,1250
416,1276
416,1336
416,1337
416,1384
416,1409
416,1417
416,1494
416,1557
416,1564
416,1579
416,1613
416,1675
416,1714
416,1749
416,1770
416,1777
416,1778
416,1806
416,1821
479,480
479,484
479,502
479,532
479,555
479,591
479,618
479,621
479,803
479,837
479,864
479,928
479,949
479,996
479,997
479,1013
479,1061
479,1068
479,1089
479,1107
479,1242
479,1250
479,1276
479,1336
479,1337
479,1384
479,1409
479,1417
479,1494
479,1557
479,1564
479,1579
479,1613
479,1675
479,1714
479,1749
479,1770
479,1777
479,1778
479,1806
479,1821
480,484
480,502
480,532
480,555
480,591
480,618
480,621
480,803
480,837
480,864
480,928
480,949
480,996
480,997
480,1013
480,1061
480,1068
480,1089
480,1107
480,1242
480,1250
480,1276
480,1336
480,1337
480,1384
480,1409
480,1417
480,1494
480,1557
480,1564
480,1579
480,1613
480,1675
480,1714
480,1749
480,1770
480,1777
480,1778
480,1806
480,1821
484,502
484,532
484,555
484,591
484,618
484,621
484,803
484,837
484,864
484,928
484,949
484,996
484,997
484,1013
484,1061
484,1068
484,1089
484,1107
484,1242
484,1250
484,1276
484,1336
484,1337
484,1384
484,1409
484,1417
484,1494
484,1557
484,1564
484,1579
484,1613
484,1675
484,1714
484,1749
484,1770
484,1777
484,1778
484,1806
484,1821
502,532
502,555
502,591
502,618
502,621
502,803
502,837
502,864
502,928
502,949
502,996
502,997
502,1013
502,1061
502,1068
502,1089
502,1107
502,1242
502,1250
502,1276
502,1336
502,1337
502,1384
502,1409
502,1417
502,1494
502,1557
502,1564
502,1579
502,1613
502,1675
502,1714
502,1749
502,1770
502,1777
502,1778
502,1806
502,1821
532,555
532,591
532,618
532,621
532,803
532,837
532,864
532,928
532,949
532,996
532,997
532,1013
532,1061
532,1068
532,1089
532,1107
532,1242
532,1250
532,1276
532,1336
532,1337
532,1384
532,1409
532,1417
532,1494
532,1557
532,1564
532,1579
532,1613
532,1675
532,1714
532,1749
532,1770
532,1777
532,1778
532,1806
532,1821
555,591
555,618
555,621
555,803
555,837
555,864
555,928
555,949
555,996
555,997
555,1013
555,1061
555,1068
555,1089
555,1107
555,1242
555,1250
555,1276
555,1336
555,1337
555,1384
555,1409
555,1417
555,1494
555,1557
555,1564
555,1579
555,1613
555,1675
555,1714
555,1749
555,1770
555,1777
555,1778
555,1806
555,1821
591,618
591,621
591,803
591,837
591,864
591,928
591,949
591,996
591,997
591,1013
591,1061
591,1068
591,1089
591,1107
591,1242
591,1250
591,1276
591,1336
591,1337
591,1384
591,1409
591,1417
591,1494
591,1557
591,1564
591,1579
591,1613
591,1675
591,1714
591,1749
591,1770
591,1777
591,1778
591,1806
591,1821
618,621
618,803
618,837
618,864
618,928
618,949
618,996
618,997
618,1013
618,1061
618,1068
618,1089
618,1107
618,1242
618,1250
618,1276
618,1336
618,1337
618,1384
618,1409
618,1417
618,1494
618,1557
618,1564
618,1579
618,1613
618,1675
618,1714
618,1749
618,1770
618,1777
618,1778
618,1806
618,1821
621,803
621,837
621,864
621,928
621,949
621,996
621,997
621,1013
621,1061
621,1068
621,1089
621,1107
621,1242
621,1250
621,1276
621,1336
621,1337
621,1384
621,1409
621,1417
621,1494
621,1557
621,1564
621,1579
621,1613
621,1675
621,1714
621,1749
621,1770
621,1777
621,1778
621,1806
621,1821
803,837
803,864
803,928
803,949
803,996
803,997
803,1013
803,1061
803,1068
803,1089
803,1107
803,1242
803,1250
803,1276
803,1336
803,1337
803,1384
803,1409
803,1417
803,1494
803,1557
803,1564
803,1579
803,1613
803,1675
803,1714
803,1749
803,1770
803,1777
803,1778
803,1806
803,1821
837,864
837,928
837,949
837,996
837,997
837,1013
837,1061
837,1068
837,1089
837,1107
837,1242
837,1250
837,1276
837,1336
837,1337
837,1384
837,1409
837,1417
837,1494
837,1557
837,1564
837,1579
837,1613
837,1675
837,1714
837,1749
837,1770
837,1777
837,1778
837,1806
837,1821
864,928
864,949
864,996
864,997
864,1013
864,1061
864,1068
864,1089
864,1107
864,1242
864,1250
864,1276
864,1336
864,1337
864,1384
864,1409
864,1417
864,1494
864,1557
864,1564
864,1579
864,1613
864,1675
864,1714
864,1749
864,1770
864,1777
864,1778
864,1806
864,1821
928,949
928,996
928,997
928,1013
928,1061
928,1068
928,1089
928,1107
928,1242
928,1250
928,1276
928,1336
928,1337
928,1384
928,1409
928,1417
928,1494
928,1557
928,1564
928,1579
928,1613
928,1675
928,1714
928,1749
928,1770
928,1777
928,1778
928,1806
928,1821
949,996
949,997
949,1013
949,1061
949,1068
949,1089
949,1107
949,1242
949,1250
949,1276
949,1336
949,1337
949,1384
949,1409
949,1417
949,1494
949,1557
949,1564
949,1579
949,1613
949,1675
949,1714
949,1749
949,1770
949,1777
949,1778
949,1806
949,1821
996,997
996,1013
996,1061
996,1068
996,1089
996,1107
996,1242
996,1250
996,1276
996,1336
996,1337
996,1384
996,1409
996,1417
996,1494
996,1557
996,1564
996,1579
996,1613
996,1675
996,1714
996,1749
996,1770
996,1777
996,1778
996,1806
996,1821
997,1013
997,1061
997,1068
997,1089
997,1107
997,1242
997,1250
997,1276
997,1336
997,1337
997,1384
997,1409
997,1417
997,1494
997,1557
997,1564
997,1579
997,1613
997,1675
997,1714
997,1749
997,1770
997,1777
997,1778
997,1806
997,1821
1013,1061
1013,1068
1013,1089
1013,1107
1013,1242
1013,1250
1013,1276
1013,1336
1013,1337
1013,1384
1013,1409
1013,1417
1013,1494
1013,1557
1013,1564
1013,1579
1013,1613
1013,1675
1013,1714
1013,1749
1013,1770
1013,1777
1013,1778
1013,1806
1013,1821
1061,1068
1061,1089
1061,1107
1061,1242
1061,1250
1061,1276
1061,1336
1061,1337
1061,1384
1061,1409
1061,1417
1061,1494
1061,1557
1061,1564
1061,1579
1061,1613
1061,1675
1061,1714
1061,1749
1061,1770
1061,1777
1061,1778
1061,1806
1061,1821
1068,1089
1068,1107
1068,1242
1068,1250
1068,1276
1068,1336
1068,1337
1068,1384
1068,1409
1068,1417
1068,1494
1068,1557
1068,1564
1068,1579
1068,1613
1068,1675
1068,1714
1068,1749
1068,1770
1068,1777
1068,1778
1068,1806
1068,1821
1089,1107
1089,1242
1089,1250
1089,1276
1089,1336
1089,1337
1089,1384
1089,1409
1089,1417
1089,1494
1089,1557
1089,1564
1089,1579
1089,1613
1089,1675
1089,1714
1089,1749
1089,1770
1089,1777
1089,1778
1089,1806
1089,1821
1107,1242
1107,1250
1107,1276
1107,1336
1107,1337
1107,1384
1107,1409
1107,1417
1107,1494
1107,1557
1107,1564
1107,1579
1107,1613
1107,1675
1107,1714
1107,1749
1107,1770
1107,1777
1107,1778
1107,1806
1107,1821
1242,1250
1242,1276
1242,1336
1242,1337
1242,1384
1242,1409
1242,1417
1242,1494
1242,1557
1242,1564
1242,1579
1242,1613
1242,1675
1242,1714
1242,1749
1242,1770
1242,1777
1242,1778
1242,1806
1242,1821
1250,1276
1250,1336
1250,1337
1250,1384
1250,1409
1250,1417
1250,1494
1250,1557
1250,1564
1250,1579
1250,1613
1250,1675
1250,1714
1250,1749
1250,1770
1250,1777
1250,1778
1250,1806
1250,1821
1276,1336
1276,1337
1276,1384
1276,1409
1276,1417
1276,1494
1276,1557
1276,1564
1276,1579
1276,1613
1276,1675
1276,1714
1276,1749
1276,1770
1276,1777
1276,1778
1276,1806
1276,1821
1336,1337
1336,1384
1336,1409
1336,1417
1336,1494
1336,1557
1336,1564
1336,1579
1336,1613
1336,1675
1336,1714
1336,1749
1336,1770
1336,1777
1336,1778
1336,1806
1336,1821
1337,1384
1337,1409
1337,1417
1337,1494
1337,1557
1337,1564
1337,1579
1337,1613
1337,1675
1337,1714
1337,1749
1337,1770
1337,1777
1337,1778
1337,1806
1337,1821
1384,1409
1384,1417
1384,1494
1384,1557
1384,1564
1384,1579
1384,1613
1384,1675
1384,1714
1384,1749
1384,1770
1384,1777
1384,1778
1384,1806
1384,1821
1409,1417
1409,1494
1409,1557
1409,1564
1409,1579
1409,1613
1409,1675
1409,1714
1409,1749
1409,1770
1409,1777
1409,1778
1409,1806
1409,1821
1417,1494
1417,1557
1417,1564
1417,1579
1417,1613
1417,1675
1417,1714
1417,1749
1417,1770
1417,1777
1417,1778
1417,1806
1417,1821
1494,1557
1494,1564
1494,1579
1494,1613
1494,1675
1494,1714
1494,1749
1494,1770
1494,1777
1494,1778
1494,1806
1494,1821
1557,1564
1557,1579
1557,1613
1557,1675
1557,1714
1557,1749
1557,1770
1557,1777
1557,1778
1557,1806
1557,1821
1564,1579
1564,1613
1564,1675
1564,1714
1564,1749
1564,1770
1564,1777
1564,1778
1564,1806
1564,1821
1579,1613
1579,1675
1579,1714
1579,1749
1579,1770
1579,1777
1579,1778
1579,1806
1579,1821
1613,1675
1613,1714
1613,1749
1613,1770
1613,1777
1613,1778
1613,1806
1613,1821
1675,1714
1675,1749
1675,1770
1675,1777
1675,1778
1675,1806
1675,1821
1714,1749
1714,1770
1714,1777
1714,1778
1714,1806
1714,1821
1749,1770
1749,1777
1749,1778
1749,1806
1749,1821
1770,1777
1770,1778
1770,1806
1770,1821
1777,1778
1777,1806
1777,1821
1778,1806
1778,1821
1806,1821
229,1033
229,1180
229,1450
229,1451
229,1614
1033,1180
1033,1450
1033,1451
1033,1614
1180,1450
1180,1451
1180,1614
1450,1451
1450,1614
1451,1614
230,258
230,335
230,398
230,400
230,705
230,1136
230,1215
230,1704
230,1745
258,335
258,398
258,400
258,705
258,1136
258,1215
258,1704
258,1745
335,398
335,400
335,705
335,1136
335,1215
335,1704
335,1745
398,400
398,705
398,1136
398,1215
398,1704
398,1745
400,705
400,1136
400,1215
400,1704
400,1745
705,1136
705,1215
705,1704
705,1745
1136,1215
1136,1704
1136,1745
1215,1704
1215,1745
1704,1745
248,443
248,866
248,1442
248,1594
248,1680
443,866
443,1442
443,1594
443,1680
866,1442
866,1594
866,1680
1442,1594
1442,1680
1594,1680
251,252
251,253
251,254
251,255
252,253
252,254
252,255
253,254
253,255
254,255
259,325
259,326
259,717
259,748
259,790
259,1339
259,1398
259,1644
259,1688
325,326
325,717
325,748
325,790
325,1339
325,1398
325,1644
325,1688
326,717
326,748
326,790
326,1339
326,1398
326,1644
326,1688
717,748
717,790
717,1339
717,1398
717,1644
717,1688
748,790
748,1339
748,1398
748,1644
748,1688
790,1339
790,1398
790,1644
790,1688
1339,1398
1339,1644
1339,1688
1398,1644
1398,1688
1644,1688
260,1116
260,1179
260,1572
260,1727
1116,1179
1116,1572
1116,1727
1179,1572
1179,1727
1572,1727
262,603
262,604
603,604
263,264
263,298
263,592
263,600
263,635
263,716
263,827
263,1254
263,1324
263,1647
263,1709
263,1732
264,298
264,592
264,600
264,635
264,716
264,827
264,1254
264,1324
264,1647
264,1709
264,1732
298,592
298,600
298,635
298,716
298,827
298,1254
298,1324
298,1647
298,1709
298,1732
592,600
592,635
592,716
592,827
592,1254
592,1324
592,1647
592,1709
592,1732
600,635
600,716
600,827
600,1254
600,1324
600,1647
600,1709
600,1732
635,716
635,827
635,1254
635,1324
635,1647
635,1709
635,1732
716,827
716,1254
716,1324
716,1647
716,1709
716,1732
827,1254
827,1324
827,1647
827,1709
827,1732
1254,1324
1254,1647
1254,1709
1254,1732
1324,1647
1324,1709
1324,1732
1647,1709
1647,1732
1709,1732
270,271
270,528
271,528
283,284
283,469
283,470
283,526
283,1080
283,1162
283,1325
283,1479
283,1519
283,1760
284,469
284,470
284,526
284,1080
284,1162
284,1325
284,1479
284,1519
284,1760
469,470
469,526
469,1080
469,1162
469,1325
469,1479
469,1519
469,1760
470,526
470,1080
470,1162
470,1325
470,1479
470,1519
470,1760
526,1080
526,1162
526,1325
526,1479
526,1519
526,1760
1080,1162
1080,1325
1080,1479
1080,1519
1080,1760
1162,1325
1162,1479
1162,1519
1162,1760
1325,1479
1325,1519
1325,1760
1479,1519
1479,1760
1519,1760
289,290
289,959
289,1108
289,1445
290,959
290,1108
290,1445
959,1108
959,1445
1108,1445
293,1785
293,1786
293,1787
293,1788
1785,1786
1785,1787
1785,1788
1786,1787
1786,1788
1787,1788
308,549
308,570
308,571
308,1306
308,1329
308,1426
308,1427
308,1428
308,1546
549,570
549,571
549,1306
549,1329
549,1426
549,1427
549,1428
549,1546
570,571
570,1306
570,1329
570,1426
570,1427
570,1428
570,1546
571,1306
571,1329
571,1426
571,1427
571,1428
571,1546
1306,1329
1306,1426
1306,1427
1306,1428
1306,1546
1329,1426
1329,1427
1329,1428
1329,1546
1426,1427
1426,1428
1426,1546
1427,1428
1427,1546
1428,1546
313,523
313,829
523,829
316,333
316,334
333,334
319,764
319,964
319,1034
764,964
764,1034
964,1034
327,439
327,440
327,505
327,851
327,1260
327,1483
327,1593
327,1607
327,1608
327,1730
327,1731
327,1813
439,440
439,505
439,851
439,1260
439,1483
439,1593
439,1607
439,1608
439,1730
439,1731
439,1813
440,505
440,851
440,1260
440,1483
440,1593
440,1607
440,1608
440,1730
440,1731
440,1813
505,851
505,1260
505,1483
505,1593
505,1607
505,1608
505,1730
505,1731
505,1813
851,1260
851,1483
851,1593
851,1607
851,1608
851,1730
851,1731
851,1813
1260,1483
1260,1593
1260,1607
1260,1608
1260,1730
1260,1731
1260,1813
1483,1593
1483,1607
1483,1608
1483,1730
1483,1731
1483,1813
1593,1607
1593,1608
1593,1730
1593,1731
1593,1813
1607,1608
1607,1730
1607,1731
1607,1813
1608,1730
1608,1731
1608,1813
1730,1731
1730,1813
1731,1813
328,593
328,1287
593,1287
332,477
332,517
332,801
332,1464
332,1628
332,1667
332,1668
332,1669
477,517
477,801
477,1464
477,1628
477,1667
477,1668
477,1669
517,801
517,1464
517,1628
517,1667
517,1668
517,1669
801,1464
801,1628
801,1667
801,1668
801,1669
1464,1628
1464,1667
1464,1668
1464,1669
1628,1667
1628,1668
1628,1669
1667,1668
1667,1669
1668,1669
348,562
348,814
348,815
348,1143
348,1466
348,1568
348,1712
562,814
562,815
562,1143
562,1466
562,1568
562,1712
814,815
814,1143
814,1466
814,1568
814,1712
815,1143
815,1466
815,1568
815,1712
1143,1466
1143,1568
1143,1712
1466,1568
1466,1712
1568,1712
350,390
350,436
350,669
350,1624
350,1783
390,436
390,669
390,1624
390,1783
436,669
436,1624
436,1783
669,1624
669,1783
1624,1783
359,360
359,361
360,361
379,1252
379,1453
379,1481
1252,1453
1252,1481
1453,1481
381,700
381,1202
381,1316
381,1397
381,1627
381,1715
700,1202
700,1316
700,1397
700,1627
700,1715
1202,1316
1202,1397
1202,1627
1202,1715
1316,1397
1316,1627
1316,1715
1397,1627
1397,1715
1627,1715
411,412
411,525
411,1150
411,1779
411,1780
411,1781
412,525
412,1150
412,1779
412,1780
412,1781
525,1150
525,1779
525,1780
525,1781
1150,1779
1150,1780
1150,1781
1779,1780
1779,1781
1780,1781
413,967
413,1342
413,1343
413,1740
967,1342
967,1343
967,1740
1342,1343
1342,1740
1343,1740
429,877
429,1139
429,1470
429,1692
877,1139
877,1470
877,1692
1139,1470
1139,1692
1470,1692
437,1088
437,1352
437,1369
437,1370
1088,1352
1088,1369
1088,1370
1352,1369
1352,1370
1369,1370
448,550
448,551
448,683
448,865
448,1361
448,1434
448,1554
448,1555
448,1626
448,1764
448,1797
550,551
550,683
550,865
550,1361
550,1434
550,1554
550,1555
550,1626
550,1764
550,1797
551,683
551,865
551,1361
551,1434
551,1554
551,1555
551,1626
551,1764
551,1797
683,865
683,1361
683,1434
683,1554
683,1555
683,1626
683,1764
683,1797
865,1361
865,1434
865,1554
865,1555
865,1626
865,1764
865,1797
1361,1434
1361,1554
1361,1555
1361,1626
1361,1764
1361,1797
1434,1554
1434,1555
1434,1626
1434,1764
1434,1797
1554,1555
1554,1626
1554,1764
1554,1797
1555,1626
1555,1764
1555,1797
1626,1764
1626,1797
1764,1797
449,518
449,519
449,520
449,521
449,904
449,1025
449,1147
449,1371
449,1575
449,1696
449,1697
518,519
518,520
518,521
518,904
518,1025
518,1147
518,1371
518,1575
518,1696
518,1697
519,520
519,521
519,904
519,1025
519,1147
519,1371
519,1575
519,1696
519,1697
520,521
520,904
520,1025
520,1147
520,1371
520,1575
520,1696
520,1697
521,904
521,1025
521,1147
521,1371
521,1575
521,1696
521,1697
904,1025
904,1147
904,1371
904,1575
904,1696
904,1697
1025,1147
1025,1371
1025,1575
1025,1696
1025,1697
1147,1371
1147,1575
1147,1696
1147,1697
1371,1575
1371,1696
1371,1697
1575,1696
1575,1697
1696,1697
464,1391
464,1392
1391,1392
468,760
468,761
468,762
468,763
468,1145
468,1158
760,761
760,762
760,763
760,1145
760,1158
761,762
761,763
761,1145
761,1158
762,763
762,1145
762,1158
763,1145
763,1158
1145,1158
471,472
471,473
471,474
471,475
472,473
472,474
472,475
473,474
473,475
474,475
488,1131
488,1132
488,1275
1131,1132
1131,1275
1132,1275
512,736
512,1071
512,1615
512,1657
736,1071
736,1615
736,1657
1071,1615
1071,1657
1615,1657
533,694
533,816
533,911
533,912
533,1165
533,1365
694,816
694,911
694,912
694,1165
694,1365
816,911
816,912
816,1165
816,1365
911,912
911,1165
911,1365
912,1165
912,1365
1165,1365
542,811
542,929
542,930
542,1386
542,1584
811,929
811,930
811,1386
811,1584
929,930
929,1386
929,1584
930,1386
930,1584
1386,1584
545,546
545,647
545,894
545,913
545,973
545,992
545,1477
545,1478
546,647
546,894
546,913
546,973
546,992
546,1477
546,1478
647,894
647,913
647,973
647,992
647,1477
647,1478
894,913
894,973
894,992
894,1477
894,1478
913,973
913,992
913,1477
913,1478
973,992
973,1477
973,1478
992,1477
992,1478
1477,1478
556,1640
556,1641
1640,1641
558,752
558,1129
752,1129
559,662
559,906
559,1249
559,1376
662,906
662,1249
662,1376
906,1249
906,1376
1249,1376
563,919
563,1032
563,1174
563,1569
563,1677
563,1678
919,1032
919,1174
919,1569
919,1677
919,1678
1032,1174
1032,1569
1032,1677
1032,1678
1174,1569
1174,1677
1174,1678
1569,1677
1569,1678
1677,1678
565,1505
565,1506
1505,1506
566,1718
566,1719
1718,1719
569,802
569,1705
802,1705
572,823
572,840
572,962
572,963
572,1045
572,1774
823,840
823,962
823,963
823,1045
823,1774
840,962
840,963
840,1045
840,1774
962,963
962,1045
962,1774
963,1045
963,1774
1045,1774
579,615
579,616
579,617
579,779
579,994
579,1035
579,1036
579,1232
615,616
615,617
615,779
615,994
615,1035
615,1036
615,1232
616,617
616,779
616,994
616,1035
616,1036
616,1232
617,779
617,994
617,1035
617,1036
617,1232
779,994
779,1035
779,1036
779,1232
994,1035
994,1036
994,1232
1035,1036
1035,1232
1036,1232
583,584
583,1141
583,1168
584,1141
584,1168
1141,1168
590,907
590,1301
907,1301
624,673
624,687
624,688
624,698
624,885
624,895
624,896
624,897
624,898
624,931
624,991
624,1026
624,1027
624,1028
624,1029
624,1083
673,687
673,688
673,698
673,885
673,895
673,896
673,897
673,898
673,931
673,991
673,1026
673,1027
673,1028
673,1029
673,1083
687,688
687,698
687,885
687,895
687,896
687,897
687,898
687,931
687,991
687,1026
687,1027
687,1028
687,1029
687,1083
688,698
688,885
688,895
688,896
688,897
688,898
688,931
688,991
688,1026
688,1027
688,1028
688,1029
688,1083
698,885
698,895
698,896
698,897
698,898
698,931
698,991
698,1026
698,1027
698,1028
698,1029
698,1083
885,895
885,896
885,897
885,898
885,931
885,991
885,1026
885,1027
885,1028
885,1029
885,1083
895,896
895,897
895,898
895,931
895,991
895,1026
895,1027
895,1028
895,1029
895,1083
896,897
896,898
896,931
896,991
896,1026
896,1027
896,1028
896,1029
896,1083
897,898
897,931
897,991
897,1026
897,1027
897,1028
897,1029
897,1083
898,931
898,991
898,1026
898,1027
898,1028
898,1029
898,1083
931,991
931,1026
931,1027
931,1028
931,1029
931,1083
991,1026
991,1027
991,1028
991,1029
991,1083
1026,1027
1026,1028
1026,1029
1026,1083
1027,1028
1027,1029
1027,1083
1028,1029
1028,1083
1029,1083
639,720
639,971
639,987
639,1288
639,1510
720,971
720,987
720,1288
720,1510
971,987
971,1288
971,1510
987,1288
987,1510
1288,1510
645,677
645,678
645,679
645,680
645,932
645,1030
645,1334
645,1636
677,678
677,679
677,680
677,932
677,1030
677,1334
677,1636
678,679
678,680
678,932
678,1030
678,1334
678,1636
679,680
679,932
679,1030
679,1334
679,1636
680,932
680,1030
680,1334
680,1636
932,1030
932,1334
932,1636
1030,1334
1030,1636
1334,1636
650,651
650,652
650,719
650,1239
650,1308
650,1379
650,1487
650,1488
650,1489
650,1490
650,1491
651,652
651,719
651,1239
651,1308
651,1379
651,1487
651,1488
651,1489
651,1490
651,1491
652,719
652,1239
652,1308
652,1379
652,1487
652,1488
652,1489
652,1490
652,1491
719,1239
719,1308
719,1379
719,1487
719,1488
719,1489
719,1490
719,1491
1239,1308
1239,1379
1239,1487
1239,1488
1239,1489
1239,1490
1239,1491
1308,1379
1308,1487
1308,1488
1308,1489
1308,1490
1308,1491
1379,1487
1379,1488
1379,1489
1379,1490
1379,1491
1487,1488
1487,1489
1487,1490
1487,1491
1488,1489
1488,1490
1488,1491
1489,1490
1489,1491
1490,1491
693,770
693,1529
693,1621
693,1807
770,1529
770,1621
770,1807
1529,1621
1529,1807
1621,1807
712,1372
712,1435
712,1663
1372,1435
1372,1663
1435,1663
722,723
722,724
722,725
722,726
723,724
723,725
723,726
724,725
724,726
725,726
775,776
775,1008
775,1673
775,1674
776,1008
776,1673
776,1674
1008,1673
1008,1674
1673,1674
796,797
796,798
796,799
796,800
796,1562
797,798
797,799
797,800
797,1562
798,799
798,800
798,1562
799,800
799,1562
800,1562
846,847
846,1076
847,1076
882,1227
882,1228
1227,1228
889,890
889,891
889,892
889,893
890,891
890,892
890,893
891,892
891,893
892,893
910,1526
910,1539
1526,1539
935,1062
935,1820
1062,1820
943,944
943,945
943,946
943,947
944,945
944,946
944,947
945,946
945,947
946,947
1019,1020
1019,1021
1019,1022
1019,1023
1020,1021
1020,1022
1020,1023
1021,1022
1021,1023
1022,1023
1052,1053
1052,1054
1052,1055
1052,1056
1053,1054
1053,1055
1053,1056
1054,1055
1054,1056
1055,1056
1086,1418
1086,1441
1086,1652
1418,1441
1418,1652
1441,1652
1099,1100
1099,1101
1099,1102
1100,1101
1100,1102
1101,1102
1211,1212
1211,1213
1211,1214
1212,1213
1212,1214
1213,1214
1234,1235
1234,1236
1234,1237
1234,1238
1235,1236
1235,1237
1235,1238
1236,1237
1236,1238
1237,1238
1264,1265
1264,1266
1264,1267
1265,1266
1265,1267
1266,1267
1406,1407
1406,1408
1407,1408
1599,1600
1599,1601
1600,1601
1698,1699
1698,1700
1699,1700
1722,1723
1722,1724
1722,1725
1722,1726
1723,1724
1723,1725
1723,1726
1724,1725
1724,1726
1725,1726
